,State Name,State Code,Subdivision Code,County Name,County Code
0,ALASKA,AK,S,ADAK QUAD,1
1,ALASKA,AK,S,AFOGNAK QUAD,3
2,ALASKA,AK,S,AMBLER RIVER QUAD,5
3,ALASKA,AK,S,AMUKTA QUAD,7
4,ALASKA,AK,S,ANCHORAGE QUAD,9
5,ALASKA,AK,S,ARCTIC QUAD,11
6,ALASKA,AK,S,ATKA QUAD,13
7,ALASKA,AK,S,ATLIN QUAD,15
8,ALASKA,AK,S,ATTU QUAD,17
9,ALASKA,AK,S,BAIRD INLET QUAD,19
10,ALASKA,AK,S,BAIRD MOUNTAINS QUAD,21
11,ALASKA,AK,N,BARROW QUAD,23
12,ALASKA,AK,N,BARTER ISLAND QUAD,25
13,ALASKA,AK,S,BEAVER QUAD,27
14,ALASKA,AK,N,BEECHEY POINT QUAD,29
15,ALASKA,AK,S,BENDELEBEN QUAD,31
16,ALASKA,AK,S,BERING GLACIER QUAD,33
17,ALASKA,AK,S,BETHEL QUAD,35
18,ALASKA,AK,S,BETTLES QUAD,37
19,ALASKA,AK,S,BIG DELTA QUAD,39
20,ALASKA,AK,S,BLACK QUAD,41
21,ALASKA,AK,S,BLACK RIVER QUAD,43
22,ALASKA,AK,S,BLYING SOUND QUAD,45
23,ALASKA,AK,S,BRADFIELD CANAL QUAD,47
24,ALASKA,AK,S,BRISTOL BAY QUAD,49
25,ALASKA,AK,S,CANDLE QUAD,51
26,ALASKA,AK,S,CAPE MENDENHALL QUAD,53
27,ALASKA,AK,S,CHANDALAR QUAD,55
28,ALASKA,AK,N,CHANDLER LAKE QUAD,57
29,ALASKA,AK,S,CHARLEY RIVER QUAD,59
30,ALASKA,AK,S,CHIGNIK QUAD,61
31,ALASKA,AK,S,CHRISTIAN QUAD,63
32,ALASKA,AK,S,CIRCLE QUAD,65
33,ALASKA,AK,S,COLEEN QUAD,67
34,ALASKA,AK,S,CORDOVA QUAD,69
35,ALASKA,AK,S,CRAIG QUAD,71
36,ALASKA,AK,N,DE LONG MTS,73
37,ALASKA,AK,N,DEMARCATION POINT QUAD,75
38,ALASKA,AK,S,DILLINGHAM QUAD,77
39,ALASKA,AK,S,DIXON ENTRANCE QUAD,79
40,ALASKA,AK,S,EAGLE QUAD,81
41,ALASKA,AK,S,FAIRBANKS QUAD,83
42,ALASKA,AK,S,FAIRWEATHER QUAD,85
43,ALASKA,AK,S,FALSE PASS QUAD,87
44,ALASKA,AK,N,FLAXMAN ISLAND QUAD,89
45,ALASKA,AK,S,FORT YUKON QUAD,91
46,ALASKA,AK,S,COLD BAY QUAD,93
47,ALASKA,AK,S,GARELOI ISLAND QUAD,95
48,ALASKA,AK,S,GOODNEWS BAY QUAD,97
49,ALASKA,AK,S,GULKANA QUAD,99
50,ALASKA,AK,S,HAGEMEISTER ISLAND QUAD,101
51,ALASKA,AK,N,HARRISON BAY QUAD,103
52,ALASKA,AK,S,HEALY QUAD,105
53,ALASKA,AK,S,HOLY CROSS QUAD,107
54,ALASKA,AK,S,HOOPER BAY QUAD,109
55,ALASKA,AK,N,HOWARD PASS QUAD,111
56,ALASKA,AK,S,HUGHES QUAD,113
57,ALASKA,AK,S,ICY BAY QUAD,115
58,ALASKA,AK,S,IDITAROD QUAD,117
59,ALASKA,AK,N,IKPIKPUK RIVER QUAD,119
60,ALASKA,AK,S,ILIAMNA QUAD,121
61,ALASKA,AK,S,JUNEAU QUAD,123
62,ALASKA,AK,S,KAGUYAK QUAD,125
63,ALASKA,AK,S,KANTISHNA RIVER QUAD,127
64,ALASKA,AK,S,KARLUK QUAD,129
65,ALASKA,AK,S,KATEEL RIVER QUAD,131
66,ALASKA,AK,S,KENAI QUAD,133
67,ALASKA,AK,S,KETCHIKAN QUAD,135
68,ALASKA,AK,N,KILLIK RIVER QUAD,137
69,ALASKA,AK,S,KISKA QUAD,139
70,ALASKA,AK,S,KODIAK QUAD,141
71,ALASKA,AK,S,KOTZEBUE QUAD,143
72,ALASKA,AK,S,KUSKOKWIM BAY QUAD,145
73,ALASKA,AK,S,KWIGUK QUAD,147
74,ALASKA,AK,S,LAKE CLARK QUAD,149
75,ALASKA,AK,S,LIME HILLS QUAD,151
76,ALASKA,AK,S,LIVENGOOD QUAD,153
77,ALASKA,AK,N,LOOKOUT RIDGE QUAD,155
78,ALASKA,AK,S,MARSHALL QUAD,157
79,ALASKA,AK,S,MCCARTHY QUAD,159
80,ALASKA,AK,S,MCGRATH QUAD,161
81,ALASKA,AK,N,MEADE RIVER QUAD,163
82,ALASKA,AK,S,MEDFRA QUAD,165
83,ALASKA,AK,S,MELOZITNA QUAD,167
84,ALASKA,AK,S,MIDDLETON ISLAND QUAD,169
85,ALASKA,AK,N,MISHEGUK MOUNTAIN QUAD,171
86,ALASKA,AK,S,MT HAYES QUAD,173
87,ALASKA,AK,S,MT KATMAI QUAD,175
88,ALASKA,AK,S,MT MCKINLEY QUAD,177
89,ALASKA,AK,N,MT MICHELSON QUAD,179
90,ALASKA,AK,S,MT ST ELIAS QUAD,181
91,ALASKA,AK,S,NABESNA QUAD,183
92,ALASKA,AK,S,NAKNEK QUAD,185
93,ALASKA,AK,S,NOATAK QUAD,187
94,ALASKA,AK,S,NOME QUAD,189
95,ALASKA,AK,S,NORTON BAY QUAD,191
96,ALASKA,AK,S,NULATO QUAD,193
97,ALASKA,AK,S,NUNIVAK ISLAND QUAD,195
98,ALASKA,AK,S,NUSHAGAK BAY QUAD,197
99,ALASKA,AK,S,OPHIR QUAD,199
100,ALASKA,AK,S,PETERSBURG QUAD,201
101,ALASKA,AK,N,PHILLIP SMITH MOUNTAINS QUAD,203
102,ALASKA,AK,N,POINT HOPE QUAD,205
103,ALASKA,AK,N,POINT LAY QUAD,207
104,ALASKA,AK,S,PORT ALEXANDER QUAD,209
105,ALASKA,AK,S,PORT MOLLER QUAD,211
106,ALASKA,AK,S,PRIBILOF ISLANDS QUAD,213
107,ALASKA,AK,S,PRINCE RUPERT QUAD,215
108,ALASKA,AK,S,RAT ISLANDS QUAD,217
109,ALASKA,AK,S,RUBY QUAD,219
110,ALASKA,AK,S,RUSSIAN MISSION QUAD,221
111,ALASKA,AK,N,SAGAVANIRKTOK QUAD,223
112,ALASKA,AK,S,SAMALGA ISLAND QUAD,225
113,ALASKA,AK,S,SEGUAM QUAD,227
114,ALASKA,AK,S,SELAWIK QUAD,229
115,ALASKA,AK,S,SELDOVIA QUAD,231
116,ALASKA,AK,S,SEWARD QUAD,233
117,ALASKA,AK,S,SHISHMAREF QUAD,235
118,ALASKA,AK,S,SHUNGNAK QUAD,237
119,ALASKA,AK,S,SIMEONOF ISLAND QUAD,239
120,ALASKA,AK,S,SITKA QUAD,241
121,ALASKA,AK,S,SKAGWAY QUAD,243
122,ALASKA,AK,S,SLEETMUTE QUAD,245
123,ALASKA,AK,S,SOLOMON QUAD,247
124,ALASKA,AK,S,ST MATTHEW QUAD,249
125,ALASKA,AK,S,STEPOVAK BAY QUAD,251
126,ALASKA,AK,S,ST LAWRENCE QUAD,253
127,ALASKA,AK,S,ST MICHAEL QUAD,255
128,ALASKA,AK,S,SUMDUM QUAD,257
129,ALASKA,AK,S,SURVEY PASS QUAD,259
130,ALASKA,AK,S,SUTWIK ISLAND QUAD,261
131,ALASKA,AK,S,TABLE MOUNTAIN QUAD,263
132,ALASKA,AK,S,TAKU RIVER QUAD,265
133,ALASKA,AK,S,TALKEETNA QUAD,267
134,ALASKA,AK,S,TALKEETNA MOUNTAINS QUAD,269
135,ALASKA,AK,S,TANACROSS QUAD,271
136,ALASKA,AK,S,TANANA QUAD,273
137,ALASKA,AK,S,TAYLOR MOUNTAINS QUAD,275
138,ALASKA,AK,S,TELLER QUAD,277
139,ALASKA,AK,N,TESHEKPUK QUAD,279
140,ALASKA,AK,S,TRINITY ISLANDS QUAD,281
141,ALASKA,AK,S,TYONEK QUAD,283
142,ALASKA,AK,S,UGASHIK QUAD,285
143,ALASKA,AK,N,UMIAT QUAD,287
144,ALASKA,AK,S,UMNAK QUAD,289
145,ALASKA,AK,S,UNALAKLEET QUAD,291
146,ALASKA,AK,S,UNALASKA QUAD,293
147,ALASKA,AK,S,UNIMAK QUAD,295
148,ALASKA,AK,N,UTUKOK RIVER QUAD,297
149,ALASKA,AK,S,VALDEZ QUAD,299
150,ALASKA,AK,N,WAINWRIGHT QUAD,301
151,ALASKA,AK,S,WISEMAN QUAD,303
152,ALASKA,AK,S,YAKUTAT QUAD,305
153,ALASKA,AK,88,OFFSHORE-STATE-NORTH,990
154,ALASKA,AK,99,OFFSHORE-STATE-SOUTH,990
155,ALASKA,AK,AA,OFFSHORE-FEDERAL-ARCTIC,995
156,ALASKA,AK,PA,OFFSHORE-FEDERAL-PACIFIC,995
157,ALABAMA,AL,,AUTAUGA,1
158,ALABAMA,AL,,BALDWIN,3
159,ALABAMA,AL,,BARBOUR,5
160,ALABAMA,AL,,BIBB,7
161,ALABAMA,AL,,BLOUNT,9
162,ALABAMA,AL,,BULLOCK,11
163,ALABAMA,AL,,BUTLER,13
164,ALABAMA,AL,,CALHOUN,15
165,ALABAMA,AL,,CHAMBERS,17
166,ALABAMA,AL,,CHEROKEE,19
167,ALABAMA,AL,,CHILTON,21
168,ALABAMA,AL,,CHOCTAW,23
169,ALABAMA,AL,,CLARKE,25
170,ALABAMA,AL,,CLAY,27
171,ALABAMA,AL,,CLEBURNE,29
172,ALABAMA,AL,,COFFEE,31
173,ALABAMA,AL,,COLBERT,33
174,ALABAMA,AL,,CONECUH,35
175,ALABAMA,AL,,COOSA,37
176,ALABAMA,AL,,COVINGTON,39
177,ALABAMA,AL,,CRENSHAW,41
178,ALABAMA,AL,,CULLMAN,43
179,ALABAMA,AL,,DALE,45
180,ALABAMA,AL,,DALLAS,47
181,ALABAMA,AL,,DE KALB,49
182,ALABAMA,AL,,ELMORE,51
183,ALABAMA,AL,,ESCAMBIA,53
184,ALABAMA,AL,,ETOWAH,55
185,ALABAMA,AL,,FAYETTE,57
186,ALABAMA,AL,,FRANKLIN,59
187,ALABAMA,AL,,GENEVA,61
188,ALABAMA,AL,,GREENE,63
189,ALABAMA,AL,,HALE,65
190,ALABAMA,AL,,HENRY,67
191,ALABAMA,AL,,HOUSTON,69
192,ALABAMA,AL,,JACKSON,71
193,ALABAMA,AL,,JEFFERSON,73
194,ALABAMA,AL,,LAMAR,75
195,ALABAMA,AL,,LAUDERDALE,77
196,ALABAMA,AL,,LAWRENCE,79
197,ALABAMA,AL,,LEE,81
198,ALABAMA,AL,,LIMESTONE,83
199,ALABAMA,AL,,LOWNDES,85
200,ALABAMA,AL,,MACON,87
201,ALABAMA,AL,,MADISON,89
202,ALABAMA,AL,,MARENGO,91
203,ALABAMA,AL,,MARION,93
204,ALABAMA,AL,,MARSHALL,95
205,ALABAMA,AL,,MOBILE,97
206,ALABAMA,AL,,MONROE,99
207,ALABAMA,AL,,MONTGOMERY,101
208,ALABAMA,AL,,MORGAN,103
209,ALABAMA,AL,,PERRY,105
210,ALABAMA,AL,,PICKENS,107
211,ALABAMA,AL,,PIKE,109
212,ALABAMA,AL,,RANDOLPH,111
213,ALABAMA,AL,,RUSSELL,113
214,ALABAMA,AL,,ST CLAIR,115
215,ALABAMA,AL,,SHELBY,117
216,ALABAMA,AL,,SUMTER,119
217,ALABAMA,AL,,TALLADEGA,121
218,ALABAMA,AL,,TALLAPOOSA,123
219,ALABAMA,AL,,TUSCALOOSA,125
220,ALABAMA,AL,,WALKER,127
221,ALABAMA,AL,,WASHINGTON,129
222,ALABAMA,AL,,WILCOX,131
223,ALABAMA,AL,,WINSTON,133
224,ALABAMA,AL,99,OFFSHORE-STATE,990
225,ARKANSAS,AR,,ARKANSAS,1
226,ARKANSAS,AR,,ASHLEY,3
227,ARKANSAS,AR,,BAXTER,5
228,ARKANSAS,AR,,BENTON,7
229,ARKANSAS,AR,,BOONE,9
230,ARKANSAS,AR,,BRADLEY,11
231,ARKANSAS,AR,,CALHOUN,13
232,ARKANSAS,AR,,CARROLL,15
233,ARKANSAS,AR,,CHICOT,17
234,ARKANSAS,AR,,CLARK,19
235,ARKANSAS,AR,,CLAY,21
236,ARKANSAS,AR,,CLEBURNE,23
237,ARKANSAS,AR,,CLEVELAND,25
238,ARKANSAS,AR,,COLUMBIA,27
239,ARKANSAS,AR,,CONWAY,29
240,ARKANSAS,AR,,CRAIGHEAD,31
241,ARKANSAS,AR,,CRAWFORD,33
242,ARKANSAS,AR,,CRITTENDEN,35
243,ARKANSAS,AR,,CROSS,37
244,ARKANSAS,AR,,DALLAS,39
245,ARKANSAS,AR,,DESHA,41
246,ARKANSAS,AR,,DREW,43
247,ARKANSAS,AR,,FAULKNER,45
248,ARKANSAS,AR,,FRANKLIN,47
249,ARKANSAS,AR,,FULTON,49
250,ARKANSAS,AR,,GARLAND,51
251,ARKANSAS,AR,,GRANT,53
252,ARKANSAS,AR,,GREENE,55
253,ARKANSAS,AR,,HEMPSTEAD,57
254,ARKANSAS,AR,,HOT SPRING,59
255,ARKANSAS,AR,,HOWARD,61
256,ARKANSAS,AR,,INDEPENDENCE,63
257,ARKANSAS,AR,,IZARD,65
258,ARKANSAS,AR,,JACKSON,67
259,ARKANSAS,AR,,JEFFERSON,69
260,ARKANSAS,AR,,JOHNSON,71
261,ARKANSAS,AR,,LAFAYETTE,73
262,ARKANSAS,AR,,LAWRENCE,75
263,ARKANSAS,AR,,LEE,77
264,ARKANSAS,AR,,LINCOLN,79
265,ARKANSAS,AR,,LITTLE RIVER,81
266,ARKANSAS,AR,,LOGAN,83
267,ARKANSAS,AR,,LONOKE,85
268,ARKANSAS,AR,,MADISON,87
269,ARKANSAS,AR,,MARION,89
270,ARKANSAS,AR,,MILLER,91
271,ARKANSAS,AR,,MISSISSIPPI,93
272,ARKANSAS,AR,,MONROE,95
273,ARKANSAS,AR,,NEVADA,99
274,ARKANSAS,AR,,NEWTON,101
275,ARKANSAS,AR,,OUACHITA,103
276,ARKANSAS,AR,,PERRY,105
277,ARKANSAS,AR,,PHILLIPS,107
278,ARKANSAS,AR,,PIKE,109
279,ARKANSAS,AR,,POINSETT,111
280,ARKANSAS,AR,,POLK,113
281,ARKANSAS,AR,,POPE,115
282,ARKANSAS,AR,,PRAIRIE,117
283,ARKANSAS,AR,,PULASKI,119
284,ARKANSAS,AR,,RANDOLPH,121
285,ARKANSAS,AR,,ST FRANCIS,123
286,ARKANSAS,AR,,SALINE,125
287,ARKANSAS,AR,,SCOTT,127
288,ARKANSAS,AR,,SEARCY,129
289,ARKANSAS,AR,,SEBASTIAN,131
290,ARKANSAS,AR,,SEVIER,133
291,ARKANSAS,AR,,SHARP,135
292,ARKANSAS,AR,,STONE,137
293,ARKANSAS,AR,,UNION,139
294,ARKANSAS,AR,,VAN BUREN,141
295,ARKANSAS,AR,,WASHINGTON,143
296,ARKANSAS,AR,,WHITE,145
297,ARKANSAS,AR,,WOODRUFF,147
298,ARKANSAS,AR,,YELL,149
299,ARIZONA,AZ,,APACHE,1
300,ARIZONA,AZ,,COCHISE,3
301,ARIZONA,AZ,,COCONINO,5
302,ARIZONA,AZ,,GILA,7
303,ARIZONA,AZ,,GRAHAM,9
304,ARIZONA,AZ,,GREENLEE,11
305,ARIZONA,AZ,,LA PAZ,12
306,ARIZONA,AZ,,MARICOPA,13
307,ARIZONA,AZ,,MOHAVE,15
308,ARIZONA,AZ,,NAVAJO,17
309,ARIZONA,AZ,,PIMA,19
310,ARIZONA,AZ,,PINAL,21
311,ARIZONA,AZ,,SANTA CRUZ,23
312,ARIZONA,AZ,,YAVAPAI,25
313,ARIZONA,AZ,,YUMA,27
314,CALIFORNIA,CA,3,ALAMEDA,1
315,CALIFORNIA,CA,3,ALPINE,3
316,CALIFORNIA,CA,3,AMADOR,5
317,CALIFORNIA,CA,3,BUTTE,7
318,CALIFORNIA,CA,3,CALAVERAS,9
319,CALIFORNIA,CA,3,COLUSA,11
320,CALIFORNIA,CA,3,CONTRA COSTA,13
321,CALIFORNIA,CA,3,DEL NORTE,15
322,CALIFORNIA,CA,3,EL DORADO,17
323,CALIFORNIA,CA,3,FRESNO,19
324,CALIFORNIA,CA,3,GLENN,21
325,CALIFORNIA,CA,3,HUMBOLDT,23
326,CALIFORNIA,CA,1,IMPERIAL,25
327,CALIFORNIA,CA,3,INYO,27
328,CALIFORNIA,CA,3,KERN,29
329,CALIFORNIA,CA,3,KINGS,31
330,CALIFORNIA,CA,3,LAKE,33
331,CALIFORNIA,CA,3,LASSEN,35
332,CALIFORNIA,CA,1,LOS ANGELES,37
333,CALIFORNIA,CA,2,LOS ANGELES,37
334,CALIFORNIA,CA,3,MADERA,39
335,CALIFORNIA,CA,3,MARIN,41
336,CALIFORNIA,CA,3,MARIPOSA,43
337,CALIFORNIA,CA,3,MENDOCINO,45
338,CALIFORNIA,CA,3,MERCED,47
339,CALIFORNIA,CA,3,MODOC,49
340,CALIFORNIA,CA,3,MONO,51
341,CALIFORNIA,CA,2,MONTEREY,53
342,CALIFORNIA,CA,3,NAPA,55
343,CALIFORNIA,CA,3,NEVADA,57
344,CALIFORNIA,CA,1,ORANGE,59
345,CALIFORNIA,CA,3,PLACER,61
346,CALIFORNIA,CA,3,PLUMAS,63
347,CALIFORNIA,CA,1,RIVERSIDE,65
348,CALIFORNIA,CA,3,SACRAMENTO,67
349,CALIFORNIA,CA,3,SAN BENITO,69
350,CALIFORNIA,CA,1,SAN BERNARDINO,71
351,CALIFORNIA,CA,1,SAN DIEGO,73
352,CALIFORNIA,CA,3,SAN FRANCISCO,75
353,CALIFORNIA,CA,3,SAN JOAQUIN,77
354,CALIFORNIA,CA,2,SAN LUIS OBISPO,79
355,CALIFORNIA,CA,3,SAN MATEO,81
356,CALIFORNIA,CA,2,SANTA BARBARA,83
357,CALIFORNIA,CA,2,SANTA CLARA,85
358,CALIFORNIA,CA,2,SANTA CRUZ,87
359,CALIFORNIA,CA,3,SHASTA,89
360,CALIFORNIA,CA,3,SIERRA,91
361,CALIFORNIA,CA,3,SISKIYOU,93
362,CALIFORNIA,CA,3,SOLANO,95
363,CALIFORNIA,CA,3,SONOMA,97
364,CALIFORNIA,CA,3,STANISLAUS,99
365,CALIFORNIA,CA,3,SUTTER,101
366,CALIFORNIA,CA,3,TEHAMA,103
367,CALIFORNIA,CA,3,TRINITY,105
368,CALIFORNIA,CA,3,TULARE,107
369,CALIFORNIA,CA,3,TUOLUMNE,109
370,CALIFORNIA,CA,2,VENTURA,111
371,CALIFORNIA,CA,3,YOLO,113
372,CALIFORNIA,CA,3,YUBA,115
373,CALIFORNIA,CA,99,OFFSHORE-STATE,990
374,COLORADO,CO,,ADAMS,1
375,COLORADO,CO,,ALAMOSA,3
376,COLORADO,CO,,ARAPAHOE,5
377,COLORADO,CO,,ARCHULETA,7
378,COLORADO,CO,,BACA,9
379,COLORADO,CO,,BENT,11
380,COLORADO,CO,,BOULDER,13
381,COLORADO,CO,,BROOMFIELD,14
382,COLORADO,CO,,CHAFFEE,15
383,COLORADO,CO,,CHEYENNE,17
384,COLORADO,CO,,CLEAR CREEK,19
385,COLORADO,CO,,CONEJOS,21
386,COLORADO,CO,,COSTILLA,23
387,COLORADO,CO,,CROWLEY,25
388,COLORADO,CO,,CUSTER,27
389,COLORADO,CO,,DELTA,29
390,COLORADO,CO,,DENVER,31
391,COLORADO,CO,,DOLORES,33
392,COLORADO,CO,,DOUGLAS,35
393,COLORADO,CO,,EAGLE,37
394,COLORADO,CO,,ELBERT,39
395,COLORADO,CO,,EL PASO,41
396,COLORADO,CO,,FREMONT,43
397,COLORADO,CO,,GARFIELD,45
398,COLORADO,CO,,GILPIN,47
399,COLORADO,CO,,GRAND,49
400,COLORADO,CO,,GUNNISON,51
401,COLORADO,CO,,HINSDALE,53
402,COLORADO,CO,,HUERFANO,55
403,COLORADO,CO,,JACKSON,57
404,COLORADO,CO,,JEFFERSON,59
405,COLORADO,CO,,KIOWA,61
406,COLORADO,CO,,KIT CARSON,63
407,COLORADO,CO,,LAKE,65
408,COLORADO,CO,,LA PLATA,67
409,COLORADO,CO,,LARIMER,69
410,COLORADO,CO,,LAS ANIMAS,71
411,COLORADO,CO,,LINCOLN,73
412,COLORADO,CO,,LOGAN,75
413,COLORADO,CO,,MESA,77
414,COLORADO,CO,,MINERAL,79
415,COLORADO,CO,,MOFFAT,81
416,COLORADO,CO,,MONTEZUMA,83
417,COLORADO,CO,,MONTROSE,85
418,COLORADO,CO,,MORGAN,87
419,COLORADO,CO,,OTERO,89
420,COLORADO,CO,,OURAY,91
421,COLORADO,CO,,PARK,93
422,COLORADO,CO,,PHILLIPS,95
423,COLORADO,CO,,PITKIN,97
424,COLORADO,CO,,PROWERS,99
425,COLORADO,CO,,PUEBLO,101
426,COLORADO,CO,,RIO BLANCO,103
427,COLORADO,CO,,RIO GRANDE,105
428,COLORADO,CO,,ROUTT,107
429,COLORADO,CO,,SAGUACHE,109
430,COLORADO,CO,,SAN JUAN,111
431,COLORADO,CO,,SAN MIGUEL,113
432,COLORADO,CO,,SEDGWICK,115
433,COLORADO,CO,,SUMMIT,117
434,COLORADO,CO,,TELLER,119
435,COLORADO,CO,,WASHINGTON,121
436,COLORADO,CO,,WELD,123
437,COLORADO,CO,,YUMA,125
438,CONNECTICUT,CT,,FAIRFIELD,1
439,CONNECTICUT,CT,,HARTFORD,3
440,CONNECTICUT,CT,,LITCHFIELD,5
441,CONNECTICUT,CT,,MIDDLESEX,7
442,CONNECTICUT,CT,,NEW HAVEN,9
443,CONNECTICUT,CT,,NEW LONDON,11
444,CONNECTICUT,CT,,TOLLAND,13
445,CONNECTICUT,CT,,WINDHAM,15
446,CONNECTICUT,CT,99,OFFSHORE-STATE,990
447,DISTRICT OF COLUMBIA,DC,,DISTRICT OF COLUMBIA,1
448,DELAWARE,DE,,KENT,1
449,DELAWARE,DE,,NEW CASTLE,3
450,DELAWARE,DE,,SUSSEX,5
451,DELAWARE,DE,99,OFFSHORE-STATE,990
452,FEDERAL ATLANTIC,FA,EC,OFFSHORE - FEDERAL,995
453,FEDERAL GULF OF MEXICO,FG,CP,OFFSHORE-FEDERAL-CENTRAL GULF,995
454,FEDERAL GULF OF MEXICO,FG,EP,OFFSHORE-FEDERAL-EASTERN GULF,995
455,FEDERAL GULF OF MEXICO,FG,WP,OFFSHORE-FEDERAL-WESTERN GULF,995
456,FLORIDA,FL,,ALACHUA,1
457,FLORIDA,FL,,BAKER,3
458,FLORIDA,FL,,BAY,5
459,FLORIDA,FL,,BRADFORD,7
460,FLORIDA,FL,,BREVARD,9
461,FLORIDA,FL,,BROWARD,11
462,FLORIDA,FL,,CALHOUN,13
463,FLORIDA,FL,,CHARLOTTE,15
464,FLORIDA,FL,,CITRUS,17
465,FLORIDA,FL,,CLAY,19
466,FLORIDA,FL,,COLLIER,21
467,FLORIDA,FL,,COLUMBIA,23
468,FLORIDA,FL,,"DADE (*replaced, now MIAMI-DADE 086)",25
469,FLORIDA,FL,,DE SOTO,27
470,FLORIDA,FL,,DIXIE,29
471,FLORIDA,FL,,DUVAL,31
472,FLORIDA,FL,,ESCAMBIA,33
473,FLORIDA,FL,,FLAGLER,35
474,FLORIDA,FL,,FRANKLIN,37
475,FLORIDA,FL,,GADSDEN,39
476,FLORIDA,FL,,GILCHRIST,41
477,FLORIDA,FL,,GLADES,43
478,FLORIDA,FL,,GULF,45
479,FLORIDA,FL,,HAMILTON,47
480,FLORIDA,FL,,HARDEE,49
481,FLORIDA,FL,,HENDRY,51
482,FLORIDA,FL,,HERNANDO,53
483,FLORIDA,FL,,HIGHLANDS,55
484,FLORIDA,FL,,HILLSBOROUGH,57
485,FLORIDA,FL,,HOLMES,59
486,FLORIDA,FL,,INDIAN RIVER,61
487,FLORIDA,FL,,JACKSON,63
488,FLORIDA,FL,,JEFFERSON,65
489,FLORIDA,FL,,LAFAYETTE,67
490,FLORIDA,FL,,LAKE,69
491,FLORIDA,FL,,LEE,71
492,FLORIDA,FL,,LEON,73
493,FLORIDA,FL,,LEVY,75
494,FLORIDA,FL,,LIBERTY,77
495,FLORIDA,FL,,MADISON,79
496,FLORIDA,FL,,MANATEE,81
497,FLORIDA,FL,,MARION,83
498,FLORIDA,FL,,MARTIN,85
499,FLORIDA,FL,,MIAMI-DADE,86
500,FLORIDA,FL,,MONROE,87
501,FLORIDA,FL,,NASSAU,89
502,FLORIDA,FL,,OKALOOSA,91
503,FLORIDA,FL,,OKEECHOBEE,93
504,FLORIDA,FL,,ORANGE,95
505,FLORIDA,FL,,OSCEOLA,97
506,FLORIDA,FL,,PALM BEACH,99
507,FLORIDA,FL,,PASCO,101
508,FLORIDA,FL,,PINELLAS,103
509,FLORIDA,FL,,POLK,105
510,FLORIDA,FL,,PUTNAM,107
511,FLORIDA,FL,,ST JOHNS,109
512,FLORIDA,FL,,ST LUCIE,111
513,FLORIDA,FL,,SANTA ROSA,113
514,FLORIDA,FL,,SARASOTA,115
515,FLORIDA,FL,,SEMINOLE,117
516,FLORIDA,FL,,SUMTER,119
517,FLORIDA,FL,,SUWANNEE,121
518,FLORIDA,FL,,TAYLOR,123
519,FLORIDA,FL,,UNION,125
520,FLORIDA,FL,,VOLUSIA,127
521,FLORIDA,FL,,WAKULLA,129
522,FLORIDA,FL,,WALTON,131
523,FLORIDA,FL,,WASHINGTON,133
524,FLORIDA,FL,99,OFFSHORE - STATE,990
525,FEDERAL PACIFIC,FP,WC,OFFSHORE-FEDERAL,995
526,GEORGIA,GA,,APPLING,1
527,GEORGIA,GA,,ATKINSON,3
528,GEORGIA,GA,,BACON,5
529,GEORGIA,GA,,BAKER,7
530,GEORGIA,GA,,BALDWIN,9
531,GEORGIA,GA,,BANKS,11
532,GEORGIA,GA,,BARROW,13
533,GEORGIA,GA,,BARTOW,15
534,GEORGIA,GA,,BEN HILL,17
535,GEORGIA,GA,,BERRIEN,19
536,GEORGIA,GA,,BIBB,21
537,GEORGIA,GA,,BLECKLEY,23
538,GEORGIA,GA,,BRANTLEY,25
539,GEORGIA,GA,,BROOKS,27
540,GEORGIA,GA,,BRYAN,29
541,GEORGIA,GA,,BULLOCH,31
542,GEORGIA,GA,,BURKE,33
543,GEORGIA,GA,,BUTTS,35
544,GEORGIA,GA,,CALHOUN,37
545,GEORGIA,GA,,CAMDEN,39
546,GEORGIA,GA,,CANDLER,43
547,GEORGIA,GA,,CARROLL,45
548,GEORGIA,GA,,CATOOSA,47
549,GEORGIA,GA,,CHARLTON,49
550,GEORGIA,GA,,CHATHAM,51
551,GEORGIA,GA,,CHATTAHOOCHEE,53
552,GEORGIA,GA,,CHATTOOGA,55
553,GEORGIA,GA,,CHEROKEE,57
554,GEORGIA,GA,,CLARKE,59
555,GEORGIA,GA,,CLAY,61
556,GEORGIA,GA,,CLAYTON,63
557,GEORGIA,GA,,CLINCH,65
558,GEORGIA,GA,,COBB,67
559,GEORGIA,GA,,COFFEE,69
560,GEORGIA,GA,,COLQUITT,71
561,GEORGIA,GA,,COLUMBIA,73
562,GEORGIA,GA,,COOK,75
563,GEORGIA,GA,,COWETA,77
564,GEORGIA,GA,,CRAWFORD,79
565,GEORGIA,GA,,CRISP,81
566,GEORGIA,GA,,DADE,83
567,GEORGIA,GA,,DAWSON,85
568,GEORGIA,GA,,DECATUR,87
569,GEORGIA,GA,,DE KALB,89
570,GEORGIA,GA,,DODGE,91
571,GEORGIA,GA,,DOOLY,93
572,GEORGIA,GA,,DOUGHERTY,95
573,GEORGIA,GA,,DOUGLAS,97
574,GEORGIA,GA,,EARLY,99
575,GEORGIA,GA,,ECHOLS,101
576,GEORGIA,GA,,EFFINGHAM,103
577,GEORGIA,GA,,ELBERT,105
578,GEORGIA,GA,,EMANUEL,107
579,GEORGIA,GA,,EVANS,109
580,GEORGIA,GA,,FANNIN,111
581,GEORGIA,GA,,FAYETTE,113
582,GEORGIA,GA,,FLOYD,115
583,GEORGIA,GA,,FORSYTH,117
584,GEORGIA,GA,,FRANKLIN,119
585,GEORGIA,GA,,FULTON,121
586,GEORGIA,GA,,GILMER,123
587,GEORGIA,GA,,GLASCOCK,125
588,GEORGIA,GA,,GLYNN,127
589,GEORGIA,GA,,GORDON,129
590,GEORGIA,GA,,GRADY,131
591,GEORGIA,GA,,GREENE,133
592,GEORGIA,GA,,GWINNETT,135
593,GEORGIA,GA,,HABERSHAM,137
594,GEORGIA,GA,,HALL,139
595,GEORGIA,GA,,HANCOCK,141
596,GEORGIA,GA,,HARALSON,143
597,GEORGIA,GA,,HARRIS,145
598,GEORGIA,GA,,HART,147
599,GEORGIA,GA,,HEARD,149
600,GEORGIA,GA,,HENRY,151
601,GEORGIA,GA,,HOUSTON,153
602,GEORGIA,GA,,IRWIN,155
603,GEORGIA,GA,,JACKSON,157
604,GEORGIA,GA,,JASPER,159
605,GEORGIA,GA,,JEFF DAVIS,161
606,GEORGIA,GA,,JEFFERSON,163
607,GEORGIA,GA,,JENKINS,165
608,GEORGIA,GA,,JOHNSON,167
609,GEORGIA,GA,,JONES,169
610,GEORGIA,GA,,LAMAR,171
611,GEORGIA,GA,,LANIER,173
612,GEORGIA,GA,,LAURENS,175
613,GEORGIA,GA,,LEE,177
614,GEORGIA,GA,,LIBERTY,179
615,GEORGIA,GA,,LINCOLN,181
616,GEORGIA,GA,,LONG,183
617,GEORGIA,GA,,LOWNDES,185
618,GEORGIA,GA,,LUMPKIN,187
619,GEORGIA,GA,,MCDUFFIE,189
620,GEORGIA,GA,,MCINTOSH,191
621,GEORGIA,GA,,MACON,193
622,GEORGIA,GA,,MADISON,195
623,GEORGIA,GA,,MARION,197
624,GEORGIA,GA,,MERIWETHER,199
625,GEORGIA,GA,,MILLER,201
626,GEORGIA,GA,,MITCHELL,205
627,GEORGIA,GA,,MONROE,207
628,GEORGIA,GA,,MONTGOMERY,209
629,GEORGIA,GA,,MORGAN,211
630,GEORGIA,GA,,MURRAY,213
631,GEORGIA,GA,,MUSCOGEE,215
632,GEORGIA,GA,,NEWTON,217
633,GEORGIA,GA,,OCONEE,219
634,GEORGIA,GA,,OGLETHORPE,221
635,GEORGIA,GA,,PAULDING,223
636,GEORGIA,GA,,PEACH,225
637,GEORGIA,GA,,PICKENS,227
638,GEORGIA,GA,,PIERCE,229
639,GEORGIA,GA,,PIKE,231
640,GEORGIA,GA,,POLK,233
641,GEORGIA,GA,,PULASKI,235
642,GEORGIA,GA,,PUTNAM,237
643,GEORGIA,GA,,QUITMAN,239
644,GEORGIA,GA,,RABUN,241
645,GEORGIA,GA,,RANDOLPH,243
646,GEORGIA,GA,,RICHMOND,245
647,GEORGIA,GA,,ROCKDALE,247
648,GEORGIA,GA,,SCHLEY,249
649,GEORGIA,GA,,SCREVEN,251
650,GEORGIA,GA,,SEMINOLE,253
651,GEORGIA,GA,,SPALDING,255
652,GEORGIA,GA,,STEPHENS,257
653,GEORGIA,GA,,STEWART,259
654,GEORGIA,GA,,SUMTER,261
655,GEORGIA,GA,,TALBOT,263
656,GEORGIA,GA,,TALIAFERRO,265
657,GEORGIA,GA,,TATTNALL,267
658,GEORGIA,GA,,TAYLOR,269
659,GEORGIA,GA,,TELFAIR,271
660,GEORGIA,GA,,TERRELL,273
661,GEORGIA,GA,,THOMAS,275
662,GEORGIA,GA,,TIFT,277
663,GEORGIA,GA,,TOOMBS,279
664,GEORGIA,GA,,TOWNS,281
665,GEORGIA,GA,,TREUTLEN,283
666,GEORGIA,GA,,TROUP,285
667,GEORGIA,GA,,TURNER,287
668,GEORGIA,GA,,TWIGGS,289
669,GEORGIA,GA,,UNION,291
670,GEORGIA,GA,,UPSON,293
671,GEORGIA,GA,,WALKER,295
672,GEORGIA,GA,,WALTON,297
673,GEORGIA,GA,,WARE,299
674,GEORGIA,GA,,WARREN,301
675,GEORGIA,GA,,WASHINGTON,303
676,GEORGIA,GA,,WAYNE,305
677,GEORGIA,GA,,WEBSTER,307
678,GEORGIA,GA,,WHEELER,309
679,GEORGIA,GA,,WHITE,311
680,GEORGIA,GA,,WHITFIELD,313
681,GEORGIA,GA,,WILCOX,315
682,GEORGIA,GA,,WILKES,317
683,GEORGIA,GA,,WILKINSON,319
684,GEORGIA,GA,,WORTH,321
685,GEORGIA,GA,99,OFFSHORE - STATE,990
686,HAWAII,HI,,HAWAII,1
687,HAWAII,HI,,HONOLULU,3
688,HAWAII,HI,,KAUAI,7
689,HAWAII,HI,,MAUI,9
690,HAWAII,HI,99,OFFSHORE - STATE,990
691,IOWA,IA,,ADAIR,1
692,IOWA,IA,,ADAMS,3
693,IOWA,IA,,ALLAMAKEE,5
694,IOWA,IA,,APPANOOSE,7
695,IOWA,IA,,AUDUBON,9
696,IOWA,IA,,BENTON,11
697,IOWA,IA,,BLACK HAWK,13
698,IOWA,IA,,BOONE,15
699,IOWA,IA,,BREMER,17
700,IOWA,IA,,BUCHANAN,19
701,IOWA,IA,,BUENA VISTA,21
702,IOWA,IA,,BUTLER,23
703,IOWA,IA,,CALHOUN,25
704,IOWA,IA,,CARROLL,27
705,IOWA,IA,,CASS,29
706,IOWA,IA,,CEDAR,31
707,IOWA,IA,,CERRO GORDO,33
708,IOWA,IA,,CHEROKEE,35
709,IOWA,IA,,CHICKASAW,37
710,IOWA,IA,,CLARKE,39
711,IOWA,IA,,CLAY,41
712,IOWA,IA,,CLAYTON,43
713,IOWA,IA,,CLINTON,45
714,IOWA,IA,,CRAWFORD,47
715,IOWA,IA,,DALLAS,49
716,IOWA,IA,,DAVIS,51
717,IOWA,IA,,DECATUR,53
718,IOWA,IA,,DELAWARE,55
719,IOWA,IA,,DES MOINES,57
720,IOWA,IA,,DICKINSON,59
721,IOWA,IA,,DUBUQUE,61
722,IOWA,IA,,EMMET,63
723,IOWA,IA,,FAYETTE,65
724,IOWA,IA,,FLOYD,67
725,IOWA,IA,,FRANKLIN,69
726,IOWA,IA,,FREMONT,71
727,IOWA,IA,,GREENE,73
728,IOWA,IA,,GRUNDY,75
729,IOWA,IA,,GUTHRIE,77
730,IOWA,IA,,HAMILTON,79
731,IOWA,IA,,HANCOCK,81
732,IOWA,IA,,HARDIN,83
733,IOWA,IA,,HARRISON,85
734,IOWA,IA,,HENRY,87
735,IOWA,IA,,HOWARD,89
736,IOWA,IA,,HUMBOLDT,91
737,IOWA,IA,,IDA,93
738,IOWA,IA,,IOWA,95
739,IOWA,IA,,JACKSON,97
740,IOWA,IA,,JASPER,99
741,IOWA,IA,,JEFFERSON,101
742,IOWA,IA,,JOHNSON,103
743,IOWA,IA,,JONES,105
744,IOWA,IA,,KEOKUK,107
745,IOWA,IA,,KOSSUTH,109
746,IOWA,IA,,LEE,111
747,IOWA,IA,,LINN,113
748,IOWA,IA,,LOUISA,115
749,IOWA,IA,,LUCAS,117
750,IOWA,IA,,LYON,119
751,IOWA,IA,,MADISON,121
752,IOWA,IA,,MAHASKA,123
753,IOWA,IA,,MARION,125
754,IOWA,IA,,MARSHALL,127
755,IOWA,IA,,MILLS,129
756,IOWA,IA,,MITCHELL,131
757,IOWA,IA,,MONONA,133
758,IOWA,IA,,MONROE,135
759,IOWA,IA,,MONTGOMERY,137
760,IOWA,IA,,MUSCATINE,139
761,IOWA,IA,,OBRIEN,141
762,IOWA,IA,,OSCEOLA,143
763,IOWA,IA,,PAGE,145
764,IOWA,IA,,PALO ALTO,147
765,IOWA,IA,,PLYMOUTH,149
766,IOWA,IA,,POCAHONTAS,151
767,IOWA,IA,,POLK,153
768,IOWA,IA,,POTTAWATTAMIE,155
769,IOWA,IA,,POWESHIEK,157
770,IOWA,IA,,RINGGOLD,159
771,IOWA,IA,,SAC,161
772,IOWA,IA,,SCOTT,163
773,IOWA,IA,,SHELBY,165
774,IOWA,IA,,SIOUX,167
775,IOWA,IA,,STORY,169
776,IOWA,IA,,TAMA,171
777,IOWA,IA,,TAYLOR,173
778,IOWA,IA,,UNION,175
779,IOWA,IA,,VAN BUREN,177
780,IOWA,IA,,WAPELLO,179
781,IOWA,IA,,WARREN,181
782,IOWA,IA,,WASHINGTON,183
783,IOWA,IA,,WAYNE,185
784,IOWA,IA,,WEBSTER,187
785,IOWA,IA,,WINNEBAGO,189
786,IOWA,IA,,WINNESHIEK,191
787,IOWA,IA,,WOODBURY,193
788,IOWA,IA,,WORTH,195
789,IOWA,IA,,WRIGHT,197
790,IDAHO,ID, ,ADA,1
791,IDAHO,ID,,ADAMS,3
792,IDAHO,ID,,BANNOCK,5
793,IDAHO,ID,,BEAR LAKE,7
794,IDAHO,ID,,BENEWAH,9
795,IDAHO,ID,,BINGHAM,11
796,IDAHO,ID,,BLAINE,13
797,IDAHO,ID,,BOISE,15
798,IDAHO,ID,,BONNER,17
799,IDAHO,ID,,BONNEVILLE,19
800,IDAHO,ID,,BOUNDARY,21
801,IDAHO,ID,,BUTTE,23
802,IDAHO,ID,,CAMAS,25
803,IDAHO,ID,,CANYON,27
804,IDAHO,ID,,CARIBOU,29
805,IDAHO,ID,,CASSIA,31
806,IDAHO,ID,,CLARK,33
807,IDAHO,ID,,CLEARWATER,35
808,IDAHO,ID,,CUSTER,37
809,IDAHO,ID,,ELMORE,39
810,IDAHO,ID,,FRANKLIN,41
811,IDAHO,ID,,FREMONT,43
812,IDAHO,ID,,GEM,45
813,IDAHO,ID,,GOODING,47
814,IDAHO,ID,,IDAHO,49
815,IDAHO,ID,,JEFFERSON,51
816,IDAHO,ID,,JEROME,53
817,IDAHO,ID,,KOOTENAI,55
818,IDAHO,ID,,LATAH,57
819,IDAHO,ID,,LEMHI,59
820,IDAHO,ID,,LEWIS,61
821,IDAHO,ID,,LINCOLN,63
822,IDAHO,ID,,MADISON,65
823,IDAHO,ID,,MINIDOKA,67
824,IDAHO,ID,,NEZ PERCE,69
825,IDAHO,ID,,ONEIDA,71
826,IDAHO,ID,,OWYHEE,73
827,IDAHO,ID,,PAYETTE,75
828,IDAHO,ID,,POWER,77
829,IDAHO,ID,,SHOSHONE,79
830,IDAHO,ID,,TETON,81
831,IDAHO,ID,,TWIN FALLS,83
832,IDAHO,ID,,VALLEY,85
833,IDAHO,ID,,WASHINGTON,87
834,ILLINOIS,IL,,ADAMS,1
835,ILLINOIS,IL,,ALEXANDER,3
836,ILLINOIS,IL,,BOND,5
837,ILLINOIS,IL,,BOONE,7
838,ILLINOIS,IL,,BROWN,9
839,ILLINOIS,IL,,BUREAU,11
840,ILLINOIS,IL,,CALHOUN,13
841,ILLINOIS,IL,,CARROLL,15
842,ILLINOIS,IL,,CASS,17
843,ILLINOIS,IL,,CHAMPAIGN,19
844,ILLINOIS,IL,,CHRISTIAN,21
845,ILLINOIS,IL,,CLARK,23
846,ILLINOIS,IL,,CLAY,25
847,ILLINOIS,IL,,CLINTON,27
848,ILLINOIS,IL,,COLES,29
849,ILLINOIS,IL,,COOK,31
850,ILLINOIS,IL,,CRAWFORD,33
851,ILLINOIS,IL,,CUMBERLAND,35
852,ILLINOIS,IL,,DE KALB,37
853,ILLINOIS,IL,,DEWITT,39
854,ILLINOIS,IL,,DOUGLAS,41
855,ILLINOIS,IL,,DU PAGE,43
856,ILLINOIS,IL,,EDGAR,45
857,ILLINOIS,IL,,EDWARDS,47
858,ILLINOIS,IL,,EFFINGHAM,49
859,ILLINOIS,IL,,FAYETTE,51
860,ILLINOIS,IL,,FORD,53
861,ILLINOIS,IL,,FRANKLIN,55
862,ILLINOIS,IL,,FULTON,57
863,ILLINOIS,IL,,GALLATIN,59
864,ILLINOIS,IL,,GREENE,61
865,ILLINOIS,IL,,GRUNDY,63
866,ILLINOIS,IL,,HAMILTON,65
867,ILLINOIS,IL,,HANCOCK,67
868,ILLINOIS,IL,,HARDIN,69
869,ILLINOIS,IL,,HENDERSON,71
870,ILLINOIS,IL,,HENRY,73
871,ILLINOIS,IL,,IROQUOIS,75
872,ILLINOIS,IL,,JACKSON,77
873,ILLINOIS,IL,,JASPER,79
874,ILLINOIS,IL,,JEFFERSON,81
875,ILLINOIS,IL,,JERSEY,83
876,ILLINOIS,IL,,JO DAVIESS,85
877,ILLINOIS,IL,,JOHNSON,87
878,ILLINOIS,IL,,KANE,89
879,ILLINOIS,IL,,KANKAKEE,91
880,ILLINOIS,IL,,KENDALL,93
881,ILLINOIS,IL,,KNOX,95
882,ILLINOIS,IL,,LAKE,97
883,ILLINOIS,IL,,LA SALLE,99
884,ILLINOIS,IL,,LAWRENCE,101
885,ILLINOIS,IL,,LEE,103
886,ILLINOIS,IL,,LIVINGSTON,105
887,ILLINOIS,IL,,LOGAN,107
888,ILLINOIS,IL,,MCDONOUGH,109
889,ILLINOIS,IL,,MCHENRY,111
890,ILLINOIS,IL,,MCLEAN,113
891,ILLINOIS,IL,,MACON,115
892,ILLINOIS,IL,,MACOUPIN,117
893,ILLINOIS,IL,,MADISON,119
894,ILLINOIS,IL,,MARION,121
895,ILLINOIS,IL,,MARSHALL,123
896,ILLINOIS,IL,,MASON,125
897,ILLINOIS,IL,,MASSAC,127
898,ILLINOIS,IL,,MENARD,129
899,ILLINOIS,IL,,MERCER,131
900,ILLINOIS,IL,,MONROE,133
901,ILLINOIS,IL,,MONTGOMERY,135
902,ILLINOIS,IL,,MORGAN,137
903,ILLINOIS,IL,,MOULTRIE,139
904,ILLINOIS,IL,,OGLE,141
905,ILLINOIS,IL,,PEORIA,143
906,ILLINOIS,IL,,PERRY,145
907,ILLINOIS,IL,,PIATT,147
908,ILLINOIS,IL,,PIKE,149
909,ILLINOIS,IL,,POPE,151
910,ILLINOIS,IL,,PULASKI,153
911,ILLINOIS,IL,,PUTNAM,155
912,ILLINOIS,IL,,RANDOLPH,157
913,ILLINOIS,IL,,RICHLAND,159
914,ILLINOIS,IL,,ROCK ISLAND,161
915,ILLINOIS,IL,,ST CLAIR,163
916,ILLINOIS,IL,,SALINE,165
917,ILLINOIS,IL,,SANGAMON,167
918,ILLINOIS,IL,,SCHUYLER,169
919,ILLINOIS,IL,,SCOTT,171
920,ILLINOIS,IL,,SHELBY,173
921,ILLINOIS,IL,,STARK,175
922,ILLINOIS,IL,,STEPHENSON,177
923,ILLINOIS,IL,,TAZEWELL,179
924,ILLINOIS,IL,,UNION,181
925,ILLINOIS,IL,,VERMILION,183
926,ILLINOIS,IL,,WABASH,185
927,ILLINOIS,IL,,WARREN,187
928,ILLINOIS,IL,,WASHINGTON,189
929,ILLINOIS,IL,,WAYNE,191
930,ILLINOIS,IL,,WHITE,193
931,ILLINOIS,IL,,WHITESIDE,195
932,ILLINOIS,IL,,WILL,197
933,ILLINOIS,IL,,WILLIAMSON,199
934,ILLINOIS,IL,,WINNEBAGO,201
935,ILLINOIS,IL,,WOODFORD,203
936,INDIANA,IN,,ADAMS,1
937,INDIANA,IN,,ALLEN,3
938,INDIANA,IN,,BARTHOLOMEW,5
939,INDIANA,IN,,BENTON,7
940,INDIANA,IN,,BLACKFORD,9
941,INDIANA,IN,,BOONE,11
942,INDIANA,IN,,BROWN,13
943,INDIANA,IN,,CARROLL,15
944,INDIANA,IN,,CASS,17
945,INDIANA,IN,,CLARK,19
946,INDIANA,IN,,CLAY,21
947,INDIANA,IN,,CLINTON,23
948,INDIANA,IN,,CRAWFORD,25
949,INDIANA,IN,,DAVIESS,27
950,INDIANA,IN,,DEARBORN,29
951,INDIANA,IN,,DECATUR,31
952,INDIANA,IN,,DE KALB,33
953,INDIANA,IN,,DELAWARE,35
954,INDIANA,IN,,DUBOIS,37
955,INDIANA,IN,,ELKHART,39
956,INDIANA,IN,,FAYETTE,41
957,INDIANA,IN,,FLOYD,43
958,INDIANA,IN,,FOUNTAIN,45
959,INDIANA,IN,,FRANKLIN,47
960,INDIANA,IN,,FULTON,49
961,INDIANA,IN,,GIBSON,51
962,INDIANA,IN,,GRANT,53
963,INDIANA,IN,,GREENE,55
964,INDIANA,IN,,HAMILTON,57
965,INDIANA,IN,,HANCOCK,59
966,INDIANA,IN,,HARRISON,61
967,INDIANA,IN,,HENDRICKS,63
968,INDIANA,IN,,HENRY,65
969,INDIANA,IN,,HOWARD,67
970,INDIANA,IN,,HUNTINGTON,69
971,INDIANA,IN,,JACKSON,71
972,INDIANA,IN,,JASPER,73
973,INDIANA,IN,,JAY,75
974,INDIANA,IN,,JEFFERSON,77
975,INDIANA,IN,,JENNINGS,79
976,INDIANA,IN,,JOHNSON,81
977,INDIANA,IN,,KNOX,83
978,INDIANA,IN,,KOSCIUSKO,85
979,INDIANA,IN,,LAGRANGE,87
980,INDIANA,IN,,LAKE,89
981,INDIANA,IN,,LA PORTE,91
982,INDIANA,IN,,LAWRENCE,93
983,INDIANA,IN,,MADISON,95
984,INDIANA,IN,,MARION,97
985,INDIANA,IN,,MARSHALL,99
986,INDIANA,IN,,MARTIN,101
987,INDIANA,IN,,MIAMI,103
988,INDIANA,IN,,MONROE,105
989,INDIANA,IN,,MONTGOMERY,107
990,INDIANA,IN,,MORGAN,109
991,INDIANA,IN,,NEWTON,111
992,INDIANA,IN,,NOBLE,113
993,INDIANA,IN,,OHIO,115
994,INDIANA,IN,,ORANGE,117
995,INDIANA,IN,,OWEN,119
996,INDIANA,IN,,PARKE,121
997,INDIANA,IN,,PERRY,123
998,INDIANA,IN,,PIKE,125
999,INDIANA,IN,,PORTER,127
1000,INDIANA,IN,,POSEY,129
1001,INDIANA,IN,,PULASKI,131
1002,INDIANA,IN,,PUTNAM,133
1003,INDIANA,IN,,RANDOLPH,135
1004,INDIANA,IN,,RIPLEY,137
1005,INDIANA,IN,,RUSH,139
1006,INDIANA,IN,,ST JOSEPH,141
1007,INDIANA,IN,,SCOTT,143
1008,INDIANA,IN,,SHELBY,145
1009,INDIANA,IN,,SPENCER,147
1010,INDIANA,IN,,STARKE,149
1011,INDIANA,IN,,STEUBEN,151
1012,INDIANA,IN,,SULLIVAN,153
1013,INDIANA,IN,,SWITZERLAND,155
1014,INDIANA,IN,,TIPPECANOE,157
1015,INDIANA,IN,,TIPTON,159
1016,INDIANA,IN,,UNION,161
1017,INDIANA,IN,,VANDERBURGH,163
1018,INDIANA,IN,,VERMILLION,165
1019,INDIANA,IN,,VIGO,167
1020,INDIANA,IN,,WABASH,169
1021,INDIANA,IN,,WARREN,171
1022,INDIANA,IN,,WARRICK,173
1023,INDIANA,IN,,WASHINGTON,175
1024,INDIANA,IN,,WAYNE,177
1025,INDIANA,IN,,WELLS,179
1026,INDIANA,IN,,WHITE,181
1027,INDIANA,IN,,WHITLEY,183
1028,KANSAS,KS,,ALLEN,1
1029,KANSAS,KS,,ANDERSON,3
1030,KANSAS,KS,,ATCHISON,5
1031,KANSAS,KS,,BARBER,7
1032,KANSAS,KS,,BARTON,9
1033,KANSAS,KS,,BOURBON,11
1034,KANSAS,KS,,BROWN,13
1035,KANSAS,KS,,BUTLER,15
1036,KANSAS,KS,,CHASE,17
1037,KANSAS,KS,,CHAUTAUQUA,19
1038,KANSAS,KS,,CHEROKEE,21
1039,KANSAS,KS,,CHEYENNE,23
1040,KANSAS,KS,,CLARK,25
1041,KANSAS,KS,,CLAY,27
1042,KANSAS,KS,,CLOUD,29
1043,KANSAS,KS,,COFFEY,31
1044,KANSAS,KS,,COMANCHE,33
1045,KANSAS,KS,,COWLEY,35
1046,KANSAS,KS,,CRAWFORD,37
1047,KANSAS,KS,,DECATUR,39
1048,KANSAS,KS,,DICKINSON,41
1049,KANSAS,KS,,DONIPHAN,43
1050,KANSAS,KS,,DOUGLAS,45
1051,KANSAS,KS,,EDWARDS,47
1052,KANSAS,KS,,ELK,49
1053,KANSAS,KS,,ELLIS,51
1054,KANSAS,KS,,ELLSWORTH,53
1055,KANSAS,KS,,FINNEY,55
1056,KANSAS,KS,,FORD,57
1057,KANSAS,KS,,FRANKLIN,59
1058,KANSAS,KS,,GEARY,61
1059,KANSAS,KS,,GOVE,63
1060,KANSAS,KS,,GRAHAM,65
1061,KANSAS,KS,,GRANT,67
1062,KANSAS,KS,,GRAY,69
1063,KANSAS,KS,,GREELEY,71
1064,KANSAS,KS,,GREENWOOD,73
1065,KANSAS,KS,,HAMILTON,75
1066,KANSAS,KS,,HARPER,77
1067,KANSAS,KS,,HARVEY,79
1068,KANSAS,KS,,HASKELL,81
1069,KANSAS,KS,,HODGEMAN,83
1070,KANSAS,KS,,JACKSON,85
1071,KANSAS,KS,,JEFFERSON,87
1072,KANSAS,KS,,JEWELL,89
1073,KANSAS,KS,,JOHNSON,91
1074,KANSAS,KS,,KEARNY,93
1075,KANSAS,KS,,KINGMAN,95
1076,KANSAS,KS,,KIOWA,97
1077,KANSAS,KS,,LABETTE,99
1078,KANSAS,KS,,LANE,101
1079,KANSAS,KS,,LEAVENWORTH,103
1080,KANSAS,KS,,LINCOLN,105
1081,KANSAS,KS,,LINN,107
1082,KANSAS,KS,,LOGAN,109
1083,KANSAS,KS,,LYON,111
1084,KANSAS,KS,,MCPHERSON,113
1085,KANSAS,KS,,MARION,115
1086,KANSAS,KS,,MARSHALL,117
1087,KANSAS,KS,,MEADE,119
1088,KANSAS,KS,,MIAMI,121
1089,KANSAS,KS,,MITCHELL,123
1090,KANSAS,KS,,MONTGOMERY,125
1091,KANSAS,KS,,MORRIS,127
1092,KANSAS,KS,,MORTON,129
1093,KANSAS,KS,,NEMAHA,131
1094,KANSAS,KS,,NEOSHO,133
1095,KANSAS,KS,,NESS,135
1096,KANSAS,KS,,NORTON,137
1097,KANSAS,KS,,OSAGE,139
1098,KANSAS,KS,,OSBORNE,141
1099,KANSAS,KS,,OTTAWA,143
1100,KANSAS,KS,,PAWNEE,145
1101,KANSAS,KS,,PHILLIPS,147
1102,KANSAS,KS,,POTTAWATOMIE,149
1103,KANSAS,KS,,PRATT,151
1104,KANSAS,KS,,RAWLINS,153
1105,KANSAS,KS,,RENO,155
1106,KANSAS,KS,,REPUBLIC,157
1107,KANSAS,KS,,RICE,159
1108,KANSAS,KS,,RILEY,161
1109,KANSAS,KS,,ROOKS,163
1110,KANSAS,KS,,RUSH,165
1111,KANSAS,KS,,RUSSELL,167
1112,KANSAS,KS,,SALINE,169
1113,KANSAS,KS,,SCOTT,171
1114,KANSAS,KS,,SEDGWICK,173
1115,KANSAS,KS,,SEWARD,175
1116,KANSAS,KS,,SHAWNEE,177
1117,KANSAS,KS,,SHERIDAN,179
1118,KANSAS,KS,,SHERMAN,181
1119,KANSAS,KS,,SMITH,183
1120,KANSAS,KS,,STAFFORD,185
1121,KANSAS,KS,,STANTON,187
1122,KANSAS,KS,,STEVENS,189
1123,KANSAS,KS,,SUMNER,191
1124,KANSAS,KS,,THOMAS,193
1125,KANSAS,KS,,TREGO,195
1126,KANSAS,KS,,WABAUNSEE,197
1127,KANSAS,KS,,WALLACE,199
1128,KANSAS,KS,,WASHINGTON,201
1129,KANSAS,KS,,WICHITA,203
1130,KANSAS,KS,,WILSON,205
1131,KANSAS,KS,,WOODSON,207
1132,KANSAS,KS,,WYANDOTTE,209
1133,KENTUCKY,KY,,ADAIR,1
1134,KENTUCKY,KY,,ALLEN,3
1135,KENTUCKY,KY,,ANDERSON,5
1136,KENTUCKY,KY,,BALLARD,7
1137,KENTUCKY,KY,,BARREN,9
1138,KENTUCKY,KY,,BATH,11
1139,KENTUCKY,KY,,BELL,13
1140,KENTUCKY,KY,,BOONE,15
1141,KENTUCKY,KY,,BOURBON,17
1142,KENTUCKY,KY,,BOYD,19
1143,KENTUCKY,KY,,BOYLE,21
1144,KENTUCKY,KY,,BRACKEN,23
1145,KENTUCKY,KY,,BREATHITT,25
1146,KENTUCKY,KY,,BRECKINRIDGE,27
1147,KENTUCKY,KY,,BULLITT,29
1148,KENTUCKY,KY,,BUTLER,31
1149,KENTUCKY,KY,,CALDWELL,33
1150,KENTUCKY,KY,,CALLOWAY,35
1151,KENTUCKY,KY,,CAMPBELL,37
1152,KENTUCKY,KY,,CARLISLE,39
1153,KENTUCKY,KY,,CARROLL,41
1154,KENTUCKY,KY,,CARTER,43
1155,KENTUCKY,KY,,CASEY,45
1156,KENTUCKY,KY,,CHRISTIAN,47
1157,KENTUCKY,KY,,CLARK,49
1158,KENTUCKY,KY,,CLAY,51
1159,KENTUCKY,KY,,CLINTON,53
1160,KENTUCKY,KY,,CRITTENDEN,55
1161,KENTUCKY,KY,,CUMBERLAND,57
1162,KENTUCKY,KY,,DAVIESS,59
1163,KENTUCKY,KY,,EDMONSON,61
1164,KENTUCKY,KY,,ELLIOTT,63
1165,KENTUCKY,KY,,ESTILL,65
1166,KENTUCKY,KY,,FAYETTE,67
1167,KENTUCKY,KY,,FLEMING,69
1168,KENTUCKY,KY,,FLOYD,71
1169,KENTUCKY,KY,,FRANKLIN,73
1170,KENTUCKY,KY,,FULTON,75
1171,KENTUCKY,KY,,GALLATIN,77
1172,KENTUCKY,KY,,GARRARD,79
1173,KENTUCKY,KY,,GRANT,81
1174,KENTUCKY,KY,,GRAVES,83
1175,KENTUCKY,KY,,GRAYSON,85
1176,KENTUCKY,KY,,GREEN,87
1177,KENTUCKY,KY,,GREENUP,89
1178,KENTUCKY,KY,,HANCOCK,91
1179,KENTUCKY,KY,,HARDIN,93
1180,KENTUCKY,KY,,HARLAN,95
1181,KENTUCKY,KY,,HARRISON,97
1182,KENTUCKY,KY,,HART,99
1183,KENTUCKY,KY,,HENDERSON,101
1184,KENTUCKY,KY,,HENRY,103
1185,KENTUCKY,KY,,HICKMAN,105
1186,KENTUCKY,KY,,HOPKINS,107
1187,KENTUCKY,KY,,JACKSON,109
1188,KENTUCKY,KY,,JEFFERSON,111
1189,KENTUCKY,KY,,JESSAMINE,113
1190,KENTUCKY,KY,,JOHNSON,115
1191,KENTUCKY,KY,,KENTON,117
1192,KENTUCKY,KY,,KNOTT,119
1193,KENTUCKY,KY,,KNOX,121
1194,KENTUCKY,KY,,LARUE,123
1195,KENTUCKY,KY,,LAUREL,125
1196,KENTUCKY,KY,,LAWRENCE,127
1197,KENTUCKY,KY,,LEE,129
1198,KENTUCKY,KY,,LESLIE,131
1199,KENTUCKY,KY,,LETCHER,133
1200,KENTUCKY,KY,,LEWIS,135
1201,KENTUCKY,KY,,LINCOLN,137
1202,KENTUCKY,KY,,LIVINGSTON,139
1203,KENTUCKY,KY,,LOGAN,141
1204,KENTUCKY,KY,,LYON,143
1205,KENTUCKY,KY,,MCCRACKEN,145
1206,KENTUCKY,KY,,MCCREARY,147
1207,KENTUCKY,KY,,MCLEAN,149
1208,KENTUCKY,KY,,MADISON,151
1209,KENTUCKY,KY,,MAGOFFIN,153
1210,KENTUCKY,KY,,MARION,155
1211,KENTUCKY,KY,,MARSHALL,157
1212,KENTUCKY,KY,,MARTIN,159
1213,KENTUCKY,KY,,MASON,161
1214,KENTUCKY,KY,,MEADE,163
1215,KENTUCKY,KY,,MENIFEE,165
1216,KENTUCKY,KY,,MERCER,167
1217,KENTUCKY,KY,,METCALFE,169
1218,KENTUCKY,KY,,MONROE,171
1219,KENTUCKY,KY,,MONTGOMERY,173
1220,KENTUCKY,KY,,MORGAN,175
1221,KENTUCKY,KY,,MUHLENBERG,177
1222,KENTUCKY,KY,,NELSON,179
1223,KENTUCKY,KY,,NICHOLAS,181
1224,KENTUCKY,KY,,OHIO,183
1225,KENTUCKY,KY,,OLDHAM,185
1226,KENTUCKY,KY,,OWEN,187
1227,KENTUCKY,KY,,OWSLEY,189
1228,KENTUCKY,KY,,PENDLETON,191
1229,KENTUCKY,KY,,PERRY,193
1230,KENTUCKY,KY,,PIKE,195
1231,KENTUCKY,KY,,POWELL,197
1232,KENTUCKY,KY,,PULASKI,199
1233,KENTUCKY,KY,,ROBERTSON,201
1234,KENTUCKY,KY,,ROCKCASTLE,203
1235,KENTUCKY,KY,,ROWAN,205
1236,KENTUCKY,KY,,RUSSELL,207
1237,KENTUCKY,KY,,SCOTT,209
1238,KENTUCKY,KY,,SHELBY,211
1239,KENTUCKY,KY,,SIMPSON,213
1240,KENTUCKY,KY,,SPENCER,215
1241,KENTUCKY,KY,,TAYLOR,217
1242,KENTUCKY,KY,,TODD,219
1243,KENTUCKY,KY,,TRIGG,221
1244,KENTUCKY,KY,,TRIMBLE,223
1245,KENTUCKY,KY,,UNION,225
1246,KENTUCKY,KY,,WARREN,227
1247,KENTUCKY,KY,,WASHINGTON,229
1248,KENTUCKY,KY,,WAYNE,231
1249,KENTUCKY,KY,,WEBSTER,233
1250,KENTUCKY,KY,,WHITLEY,235
1251,KENTUCKY,KY,,WOLFE,237
1252,KENTUCKY,KY,,WOODFORD,239
1253,LOUISIANA,LA,S,ACADIA,1
1254,LOUISIANA,LA,S,ALLEN,3
1255,LOUISIANA,LA,S,ASCENSION,5
1256,LOUISIANA,LA,S,ASSUMPTION,7
1257,LOUISIANA,LA,N,AVOYELLES,9
1258,LOUISIANA,LA,S,AVOYELLES,9
1259,LOUISIANA,LA,S,BEAUREGARD,11
1260,LOUISIANA,LA,N,BIENVILLE,13
1261,LOUISIANA,LA,N,BOSSIER,15
1262,LOUISIANA,LA,N,CADDO,17
1263,LOUISIANA,LA,S,CALCASIEU,19
1264,LOUISIANA,LA,N,CALDWELL,21
1265,LOUISIANA,LA,S,CAMERON,23
1266,LOUISIANA,LA,N,CATAHOULA,25
1267,LOUISIANA,LA,N,CLAIBORNE,27
1268,LOUISIANA,LA,N,CONCORDIA,29
1269,LOUISIANA,LA,N,DE SOTO,31
1270,LOUISIANA,LA,S,EAST BATON ROUGE,33
1271,LOUISIANA,LA,N,EAST CARROLL,35
1272,LOUISIANA,LA,S,EAST FELICIANA,37
1273,LOUISIANA,LA,N,EVANGELINE,39
1274,LOUISIANA,LA,S,EVANGELINE,39
1275,LOUISIANA,LA,N,FRANKLIN,41
1276,LOUISIANA,LA,N,GRANT,43
1277,LOUISIANA,LA,S,IBERIA,45
1278,LOUISIANA,LA,S,IBERVILLE,47
1279,LOUISIANA,LA,N,JACKSON,49
1280,LOUISIANA,LA,S,JEFFERSON,51
1281,LOUISIANA,LA,S,JEFFERSON DAVIS,53
1282,LOUISIANA,LA,S,LAFAYETTE,55
1283,LOUISIANA,LA,S,LAFOURCHE,57
1284,LOUISIANA,LA,N,LASALLE,59
1285,LOUISIANA,LA,N,LINCOLN,61
1286,LOUISIANA,LA,S,LIVINGSTON,63
1287,LOUISIANA,LA,N,MADISON,65
1288,LOUISIANA,LA,N,MOREHOUSE,67
1289,LOUISIANA,LA,N,NATCHITOCHES,69
1290,LOUISIANA,LA,S,ORLEANS,71
1291,LOUISIANA,LA,N,OUACHITA,73
1292,LOUISIANA,LA,S,PLAQUEMINES,75
1293,LOUISIANA,LA,S,POINTE COUPEE,77
1294,LOUISIANA,LA,N,RAPIDES,79
1295,LOUISIANA,LA,S,RAPIDES,79
1296,LOUISIANA,LA,N,RED RIVER,81
1297,LOUISIANA,LA,N,RICHLAND,83
1298,LOUISIANA,LA,N,SABINE,85
1299,LOUISIANA,LA,S,ST BERNARD,87
1300,LOUISIANA,LA,S,ST CHARLES,89
1301,LOUISIANA,LA,S,ST HELENA,91
1302,LOUISIANA,LA,S,ST JAMES,93
1303,LOUISIANA,LA,S,ST JOHN THE BAPTIST,95
1304,LOUISIANA,LA,S,ST LANDRY,97
1305,LOUISIANA,LA,S,ST MARTIN,99
1306,LOUISIANA,LA,S,ST MARY,101
1307,LOUISIANA,LA,S,ST TAMMANY,103
1308,LOUISIANA,LA,S,TANGIPAHOA,105
1309,LOUISIANA,LA,N,TENSAS,107
1310,LOUISIANA,LA,S,TERREBONNE,109
1311,LOUISIANA,LA,N,UNION,111
1312,LOUISIANA,LA,S,VERMILION,113
1313,LOUISIANA,LA,N,VERNON,115
1314,LOUISIANA,LA,S,VERNON,115
1315,LOUISIANA,LA,S,WASHINGTON,117
1316,LOUISIANA,LA,N,WEBSTER,119
1317,LOUISIANA,LA,S,WEST BATON ROUGE,121
1318,LOUISIANA,LA,N,WEST CARROLL,123
1319,LOUISIANA,LA,S,WEST FELICIANA,125
1320,LOUISIANA,LA,N,WINN,127
1321,LOUISIANA,LA,99,OFFSHORE-STATE,990
1322,MASSACHUSETTS,MA,,BARNSTABLE,1
1323,MASSACHUSETTS,MA,,BERKSHIRE,3
1324,MASSACHUSETTS,MA,,BRISTOL,5
1325,MASSACHUSETTS,MA,,DUKES,7
1326,MASSACHUSETTS,MA,,ESSEX,9
1327,MASSACHUSETTS,MA,,FRANKLIN,11
1328,MASSACHUSETTS,MA,,HAMPDEN,13
1329,MASSACHUSETTS,MA,,HAMPSHIRE,15
1330,MASSACHUSETTS,MA,,MIDDLESEX,17
1331,MASSACHUSETTS,MA,,NANTUCKET,19
1332,MASSACHUSETTS,MA,,NORFOLK,21
1333,MASSACHUSETTS,MA,,PLYMOUTH,23
1334,MASSACHUSETTS,MA,,SUFFOLK,25
1335,MASSACHUSETTS,MA,,WORCESTER,27
1336,MASSACHUSETTS,MA,99,OFFSHORE-STATE,990
1337,MARYLAND,MD,,ALLEGANY,1
1338,MARYLAND,MD,,ANNE ARUNDEL,3
1339,MARYLAND,MD,,BALTIMORE,5
1340,MARYLAND,MD,,CALVERT,9
1341,MARYLAND,MD,,CAROLINE,11
1342,MARYLAND,MD,,CARROLL,13
1343,MARYLAND,MD,,CECIL,15
1344,MARYLAND,MD,,CHARLES,17
1345,MARYLAND,MD,,DORCHESTER,19
1346,MARYLAND,MD,,FREDERICK,21
1347,MARYLAND,MD,,GARRETT,23
1348,MARYLAND,MD,,HARFORD,25
1349,MARYLAND,MD,,HOWARD,27
1350,MARYLAND,MD,,KENT,29
1351,MARYLAND,MD,,MONTGOMERY,31
1352,MARYLAND,MD,,PRINCE GEORGES,33
1353,MARYLAND,MD,,QUEEN ANNES,35
1354,MARYLAND,MD,,ST MARYS,37
1355,MARYLAND,MD,,SOMERSET,39
1356,MARYLAND,MD,,TALBOT,41
1357,MARYLAND,MD,,WASHINGTON,43
1358,MARYLAND,MD,,WICOMICO,45
1359,MARYLAND,MD,,WORCESTER,47
1360,MARYLAND,MD,99,OFFSHORE-STATE,990
1361,MAINE,ME,,ANDROSCOGGIN,1
1362,MAINE,ME,,AROOSTOOK,3
1363,MAINE,ME,,CUMBERLAND,5
1364,MAINE,ME,,FRANKLIN,7
1365,MAINE,ME,,HANCOCK,9
1366,MAINE,ME,,KENNEBEC,11
1367,MAINE,ME,,KNOX,13
1368,MAINE,ME,,LINCOLN,15
1369,MAINE,ME,,OXFORD,17
1370,MAINE,ME,,PENOBSCOT,19
1371,MAINE,ME,,PISCATAQUIS,21
1372,MAINE,ME,,SAGADAHOC,23
1373,MAINE,ME,,SOMERSET,25
1374,MAINE,ME,,WALDO,27
1375,MAINE,ME,,WASHINGTON,29
1376,MAINE,ME,,YORK,31
1377,MAINE,ME,99,OFFSHORE-STATE,990
1378,MICHIGAN,MI,,ALCONA,1
1379,MICHIGAN,MI,,ALGER,3
1380,MICHIGAN,MI,,ALLEGAN,5
1381,MICHIGAN,MI,,ALPENA,7
1382,MICHIGAN,MI,,ANTRIM,9
1383,MICHIGAN,MI,,ARENAC,11
1384,MICHIGAN,MI,,BARAGA,13
1385,MICHIGAN,MI,,BARRY,15
1386,MICHIGAN,MI,,BAY,17
1387,MICHIGAN,MI,,BENZIE,19
1388,MICHIGAN,MI,,BERRIEN,21
1389,MICHIGAN,MI,,BRANCH,23
1390,MICHIGAN,MI,,CALHOUN,25
1391,MICHIGAN,MI,,CASS,27
1392,MICHIGAN,MI,,CHARLEVOIX,29
1393,MICHIGAN,MI,,CHEBOYGAN,31
1394,MICHIGAN,MI,,CHIPPEWA,33
1395,MICHIGAN,MI,,CLARE,35
1396,MICHIGAN,MI,,CLINTON,37
1397,MICHIGAN,MI,,CRAWFORD,39
1398,MICHIGAN,MI,,DELTA,41
1399,MICHIGAN,MI,,DICKINSON,43
1400,MICHIGAN,MI,,EATON,45
1401,MICHIGAN,MI,,EMMET,47
1402,MICHIGAN,MI,,GENESEE,49
1403,MICHIGAN,MI,,GLADWIN,51
1404,MICHIGAN,MI,,GOGEBIC,53
1405,MICHIGAN,MI,,GRAND TRAVERSE,55
1406,MICHIGAN,MI,,GRATIOT,57
1407,MICHIGAN,MI,,HILLSDALE,59
1408,MICHIGAN,MI,,HOUGHTON,61
1409,MICHIGAN,MI,,HURON,63
1410,MICHIGAN,MI,,INGHAM,65
1411,MICHIGAN,MI,,IONIA,67
1412,MICHIGAN,MI,,IOSCO,69
1413,MICHIGAN,MI,,IRON,71
1414,MICHIGAN,MI,,ISABELLA,73
1415,MICHIGAN,MI,,JACKSON,75
1416,MICHIGAN,MI,,KALAMAZOO,77
1417,MICHIGAN,MI,,KALKASKA,79
1418,MICHIGAN,MI,,KENT,81
1419,MICHIGAN,MI,,KEWEENAW,83
1420,MICHIGAN,MI,,LAKE,85
1421,MICHIGAN,MI,,LAPEER,87
1422,MICHIGAN,MI,,LEELANAU,89
1423,MICHIGAN,MI,,LENAWEE,91
1424,MICHIGAN,MI,,LIVINGSTON,93
1425,MICHIGAN,MI,,LUCE,95
1426,MICHIGAN,MI,,MACKINAC,97
1427,MICHIGAN,MI,,MACOMB,99
1428,MICHIGAN,MI,,MANISTEE,101
1429,MICHIGAN,MI,,MARQUETTE,103
1430,MICHIGAN,MI,,MASON,105
1431,MICHIGAN,MI,,MECOSTA,107
1432,MICHIGAN,MI,,MENOMINEE,109
1433,MICHIGAN,MI,,MIDLAND,111
1434,MICHIGAN,MI,,MISSAUKEE,113
1435,MICHIGAN,MI,,MONROE,115
1436,MICHIGAN,MI,,MONTCALM,117
1437,MICHIGAN,MI,,MONTMORENCY,119
1438,MICHIGAN,MI,,MUSKEGON,121
1439,MICHIGAN,MI,,NEWAYGO,123
1440,MICHIGAN,MI,,OAKLAND,125
1441,MICHIGAN,MI,,OCEANA,127
1442,MICHIGAN,MI,,OGEMAW,129
1443,MICHIGAN,MI,,ONTONAGON,131
1444,MICHIGAN,MI,,OSCEOLA,133
1445,MICHIGAN,MI,,OSCODA,135
1446,MICHIGAN,MI,,OTSEGO,137
1447,MICHIGAN,MI,,OTTAWA,139
1448,MICHIGAN,MI,,PRESQUE ISLE,141
1449,MICHIGAN,MI,,ROSCOMMON,143
1450,MICHIGAN,MI,,SAGINAW,145
1451,MICHIGAN,MI,,ST CLAIR,147
1452,MICHIGAN,MI,,ST JOSEPH,149
1453,MICHIGAN,MI,,SANILAC,151
1454,MICHIGAN,MI,,SCHOOLCRAFT,153
1455,MICHIGAN,MI,,SHIAWASSEE,155
1456,MICHIGAN,MI,,TUSCOLA,157
1457,MICHIGAN,MI,,VAN BUREN,159
1458,MICHIGAN,MI,,WASHTENAW,161
1459,MICHIGAN,MI,,WAYNE,163
1460,MICHIGAN,MI,,WEXFORD,165
1461,MICHIGAN,MI,99,OFFSHORE-STATE,990
1462,MINNESOTA,MN,,AITKIN,1
1463,MINNESOTA,MN,,ANOKA,3
1464,MINNESOTA,MN,,BECKER,5
1465,MINNESOTA,MN,,BELTRAMI,7
1466,MINNESOTA,MN,,BENTON,9
1467,MINNESOTA,MN,,BIG STONE,11
1468,MINNESOTA,MN,,BLUE EARTH,13
1469,MINNESOTA,MN,,BROWN,15
1470,MINNESOTA,MN,,CARLTON,17
1471,MINNESOTA,MN,,CARVER,19
1472,MINNESOTA,MN,,CASS,21
1473,MINNESOTA,MN,,CHIPPEWA,23
1474,MINNESOTA,MN,,CHISAGO,25
1475,MINNESOTA,MN,,CLAY,27
1476,MINNESOTA,MN,,CLEARWATER,29
1477,MINNESOTA,MN,,COOK,31
1478,MINNESOTA,MN,,COTTONWOOD,33
1479,MINNESOTA,MN,,CROW WING,35
1480,MINNESOTA,MN,,DAKOTA,37
1481,MINNESOTA,MN,,DODGE,39
1482,MINNESOTA,MN,,DOUGLAS,41
1483,MINNESOTA,MN,,FARIBAULT,43
1484,MINNESOTA,MN,,FILLMORE,45
1485,MINNESOTA,MN,,FREEBORN,47
1486,MINNESOTA,MN,,GOODHUE,49
1487,MINNESOTA,MN,,GRANT,51
1488,MINNESOTA,MN,,HENNEPIN,53
1489,MINNESOTA,MN,,HOUSTON,55
1490,MINNESOTA,MN,,HUBBARD,57
1491,MINNESOTA,MN,,ISANTI,59
1492,MINNESOTA,MN,,ITASCA,61
1493,MINNESOTA,MN,,JACKSON,63
1494,MINNESOTA,MN,,KANABEC,65
1495,MINNESOTA,MN,,KANDIYOHI,67
1496,MINNESOTA,MN,,KITTSON,69
1497,MINNESOTA,MN,,KOOCHICHING,71
1498,MINNESOTA,MN,,LAC QUI PARLE,73
1499,MINNESOTA,MN,,LAKE,75
1500,MINNESOTA,MN,,LAKE OF THE WOODS,77
1501,MINNESOTA,MN,,LE SUEUR,79
1502,MINNESOTA,MN,,LINCOLN,81
1503,MINNESOTA,MN,,LYON,83
1504,MINNESOTA,MN,,MCLEOD,85
1505,MINNESOTA,MN,,MAHNOMEN,87
1506,MINNESOTA,MN,,MARSHALL,89
1507,MINNESOTA,MN,,MARTIN,91
1508,MINNESOTA,MN,,MEEKER,93
1509,MINNESOTA,MN,,MILLE LACS,95
1510,MINNESOTA,MN,,MORRISON,97
1511,MINNESOTA,MN,,MOWER,99
1512,MINNESOTA,MN,,MURRAY,101
1513,MINNESOTA,MN,,NICOLLET,103
1514,MINNESOTA,MN,,NOBLES,105
1515,MINNESOTA,MN,,NORMAN,107
1516,MINNESOTA,MN,,OLMSTED,109
1517,MINNESOTA,MN,,OTTER TAIL,111
1518,MINNESOTA,MN,,PENNINGTON,113
1519,MINNESOTA,MN,,PINE,115
1520,MINNESOTA,MN,,PIPESTONE,117
1521,MINNESOTA,MN,,POLK,119
1522,MINNESOTA,MN,,POPE,121
1523,MINNESOTA,MN,,RAMSEY,123
1524,MINNESOTA,MN,,RED LAKE,125
1525,MINNESOTA,MN,,REDWOOD,127
1526,MINNESOTA,MN,,RENVILLE,129
1527,MINNESOTA,MN,,RICE,131
1528,MINNESOTA,MN,,ROCK,133
1529,MINNESOTA,MN,,ROSEAU,135
1530,MINNESOTA,MN,,ST LOUIS,137
1531,MINNESOTA,MN,,SCOTT,139
1532,MINNESOTA,MN,,SHERBURNE,141
1533,MINNESOTA,MN,,SIBLEY,143
1534,MINNESOTA,MN,,STEARNS,145
1535,MINNESOTA,MN,,STEELE,147
1536,MINNESOTA,MN,,STEVENS,149
1537,MINNESOTA,MN,,SWIFT,151
1538,MINNESOTA,MN,,TODD,153
1539,MINNESOTA,MN,,TRAVERSE,155
1540,MINNESOTA,MN,,WABASHA,157
1541,MINNESOTA,MN,,WADENA,159
1542,MINNESOTA,MN,,WASECA,161
1543,MINNESOTA,MN,,WASHINGTON,163
1544,MINNESOTA,MN,,WATONWAN,165
1545,MINNESOTA,MN,,WILKIN,167
1546,MINNESOTA,MN,,WINONA,169
1547,MINNESOTA,MN,,WRIGHT,171
1548,MINNESOTA,MN,,YELLOW MEDICINE,173
1549,MINNESOTA,MN,99,OFFSHORE-STATE,990
1550,MISSOURI,MO,,ADAIR,1
1551,MISSOURI,MO,,ANDREW,3
1552,MISSOURI,MO,,ATCHISON,5
1553,MISSOURI,MO,,AUDRAIN,7
1554,MISSOURI,MO,,BARRY,9
1555,MISSOURI,MO,,BARTON,11
1556,MISSOURI,MO,,BATES,13
1557,MISSOURI,MO,,BENTON,15
1558,MISSOURI,MO,,BOLLINGER,17
1559,MISSOURI,MO,,BOONE,19
1560,MISSOURI,MO,,BUCHANAN,21
1561,MISSOURI,MO,,BUTLER,23
1562,MISSOURI,MO,,CALDWELL,25
1563,MISSOURI,MO,,CALLAWAY,27
1564,MISSOURI,MO,,CAMDEN,29
1565,MISSOURI,MO,,CAPE GIRARDEAU,31
1566,MISSOURI,MO,,CARROLL,33
1567,MISSOURI,MO,,CARTER,35
1568,MISSOURI,MO,,CASS,37
1569,MISSOURI,MO,,CEDAR,39
1570,MISSOURI,MO,,CHARITON,41
1571,MISSOURI,MO,,CHRISTIAN,43
1572,MISSOURI,MO,,CLARK,45
1573,MISSOURI,MO,,CLAY,47
1574,MISSOURI,MO,,CLINTON,49
1575,MISSOURI,MO,,COLE,51
1576,MISSOURI,MO,,COOPER,53
1577,MISSOURI,MO,,CRAWFORD,55
1578,MISSOURI,MO,,DADE,57
1579,MISSOURI,MO,,DALLAS,59
1580,MISSOURI,MO,,DAVIESS,61
1581,MISSOURI,MO,,DEKALB,63
1582,MISSOURI,MO,,DENT,65
1583,MISSOURI,MO,,DOUGLAS,67
1584,MISSOURI,MO,,DUNKLIN,69
1585,MISSOURI,MO,,FRANKLIN,71
1586,MISSOURI,MO,,GASCONADE,73
1587,MISSOURI,MO,,GENTRY,75
1588,MISSOURI,MO,,GREENE,77
1589,MISSOURI,MO,,GRUNDY,79
1590,MISSOURI,MO,,HARRISON,81
1591,MISSOURI,MO,,HENRY,83
1592,MISSOURI,MO,,HICKORY,85
1593,MISSOURI,MO,,HOLT,87
1594,MISSOURI,MO,,HOWARD,89
1595,MISSOURI,MO,,HOWELL,91
1596,MISSOURI,MO,,IRON,93
1597,MISSOURI,MO,,JACKSON,95
1598,MISSOURI,MO,,JASPER,97
1599,MISSOURI,MO,,JEFFERSON,99
1600,MISSOURI,MO,,JOHNSON,101
1601,MISSOURI,MO,,KNOX,103
1602,MISSOURI,MO,,LACLEDE,105
1603,MISSOURI,MO,,LAFAYETTE,107
1604,MISSOURI,MO,,LAWRENCE,109
1605,MISSOURI,MO,,LEWIS,111
1606,MISSOURI,MO,,LINCOLN,113
1607,MISSOURI,MO,,LINN,115
1608,MISSOURI,MO,,LIVINGSTON,117
1609,MISSOURI,MO,,MCDONALD,119
1610,MISSOURI,MO,,MACON,121
1611,MISSOURI,MO,,MADISON,123
1612,MISSOURI,MO,,MARIES,125
1613,MISSOURI,MO,,MARION,127
1614,MISSOURI,MO,,MERCER,129
1615,MISSOURI,MO,,MILLER,131
1616,MISSOURI,MO,,MISSISSIPPI,133
1617,MISSOURI,MO,,MONITEAU,135
1618,MISSOURI,MO,,MONROE,137
1619,MISSOURI,MO,,MONTGOMERY,139
1620,MISSOURI,MO,,MORGAN,141
1621,MISSOURI,MO,,NEW MADRID,143
1622,MISSOURI,MO,,NEWTON,145
1623,MISSOURI,MO,,NODAWAY,147
1624,MISSOURI,MO,,OREGON,149
1625,MISSOURI,MO,,OSAGE,151
1626,MISSOURI,MO,,OZARK,153
1627,MISSOURI,MO,,PEMISCOT,155
1628,MISSOURI,MO,,PERRY,157
1629,MISSOURI,MO,,PETTIS,159
1630,MISSOURI,MO,,PHELPS,161
1631,MISSOURI,MO,,PIKE,163
1632,MISSOURI,MO,,PLATTE,165
1633,MISSOURI,MO,,POLK,167
1634,MISSOURI,MO,,PULASKI,169
1635,MISSOURI,MO,,PUTNAM,171
1636,MISSOURI,MO,,RALLS,173
1637,MISSOURI,MO,,RANDOLPH,175
1638,MISSOURI,MO,,RAY,177
1639,MISSOURI,MO,,REYNOLDS,179
1640,MISSOURI,MO,,RIPLEY,181
1641,MISSOURI,MO,,ST CHARLES,183
1642,MISSOURI,MO,,ST CLAIR,185
1643,MISSOURI,MO,,STE GENEVIEVE,186
1644,MISSOURI,MO,,ST FRANCOIS,187
1645,MISSOURI,MO,,ST LOUIS,189
1646,MISSOURI,MO,,SALINE,195
1647,MISSOURI,MO,,SCHUYLER,197
1648,MISSOURI,MO,,SCOTLAND,199
1649,MISSOURI,MO,,SCOTT,201
1650,MISSOURI,MO,,SHANNON,203
1651,MISSOURI,MO,,SHELBY,205
1652,MISSOURI,MO,,STODDARD,207
1653,MISSOURI,MO,,STONE,209
1654,MISSOURI,MO,,SULLIVAN,211
1655,MISSOURI,MO,,TANEY,213
1656,MISSOURI,MO,,TEXAS,215
1657,MISSOURI,MO,,VERNON,217
1658,MISSOURI,MO,,WARREN,219
1659,MISSOURI,MO,,WASHINGTON,221
1660,MISSOURI,MO,,WAYNE,223
1661,MISSOURI,MO,,WEBSTER,225
1662,MISSOURI,MO,,WORTH,227
1663,MISSOURI,MO,,WRIGHT,229
1664,MISSISSIPPI,MS,,ADAMS,1
1665,MISSISSIPPI,MS,,ALCORN,3
1666,MISSISSIPPI,MS,,AMITE,5
1667,MISSISSIPPI,MS,,ATTALA,7
1668,MISSISSIPPI,MS,,BENTON,9
1669,MISSISSIPPI,MS,,BOLIVAR,11
1670,MISSISSIPPI,MS,,CALHOUN,13
1671,MISSISSIPPI,MS,,CARROLL,15
1672,MISSISSIPPI,MS,,CHICKASAW,17
1673,MISSISSIPPI,MS,,CHOCTAW,19
1674,MISSISSIPPI,MS,,CLAIBORNE,21
1675,MISSISSIPPI,MS,,CLARKE,23
1676,MISSISSIPPI,MS,,CLAY,25
1677,MISSISSIPPI,MS,,COAHOMA,27
1678,MISSISSIPPI,MS,,COPIAH,29
1679,MISSISSIPPI,MS,,COVINGTON,31
1680,MISSISSIPPI,MS,,DE SOTO,33
1681,MISSISSIPPI,MS,,FORREST,35
1682,MISSISSIPPI,MS,,FRANKLIN,37
1683,MISSISSIPPI,MS,,GEORGE,39
1684,MISSISSIPPI,MS,,GREENE,41
1685,MISSISSIPPI,MS,,GRENADA,43
1686,MISSISSIPPI,MS,,HANCOCK,45
1687,MISSISSIPPI,MS,,HARRISON,47
1688,MISSISSIPPI,MS,,HINDS,49
1689,MISSISSIPPI,MS,,HOLMES,51
1690,MISSISSIPPI,MS,,HUMPHREYS,53
1691,MISSISSIPPI,MS,,ISSAQUENA,55
1692,MISSISSIPPI,MS,,ITAWAMBA,57
1693,MISSISSIPPI,MS,,JACKSON,59
1694,MISSISSIPPI,MS,,JASPER,61
1695,MISSISSIPPI,MS,,JEFFERSON,63
1696,MISSISSIPPI,MS,,JEFFERSON DAVIS,65
1697,MISSISSIPPI,MS,,JONES,67
1698,MISSISSIPPI,MS,,KEMPER,69
1699,MISSISSIPPI,MS,,LAFAYETTE,71
1700,MISSISSIPPI,MS,,LAMAR,73
1701,MISSISSIPPI,MS,,LAUDERDALE,75
1702,MISSISSIPPI,MS,,LAWRENCE,77
1703,MISSISSIPPI,MS,,LEAKE,79
1704,MISSISSIPPI,MS,,LEE,81
1705,MISSISSIPPI,MS,,LEFLORE,83
1706,MISSISSIPPI,MS,,LINCOLN,85
1707,MISSISSIPPI,MS,,LOWNDES,87
1708,MISSISSIPPI,MS,,MADISON,89
1709,MISSISSIPPI,MS,,MARION,91
1710,MISSISSIPPI,MS,,MARSHALL,93
1711,MISSISSIPPI,MS,,MONROE,95
1712,MISSISSIPPI,MS,,MONTGOMERY,97
1713,MISSISSIPPI,MS,,NESHOBA,99
1714,MISSISSIPPI,MS,,NEWTON,101
1715,MISSISSIPPI,MS,,NOXUBEE,103
1716,MISSISSIPPI,MS,,OKTIBBEHA,105
1717,MISSISSIPPI,MS,,PANOLA,107
1718,MISSISSIPPI,MS,,PEARL RIVER,109
1719,MISSISSIPPI,MS,,PERRY,111
1720,MISSISSIPPI,MS,,PIKE,113
1721,MISSISSIPPI,MS,,PONTOTOC,115
1722,MISSISSIPPI,MS,,PRENTISS,117
1723,MISSISSIPPI,MS,,QUITMAN,119
1724,MISSISSIPPI,MS,,RANKIN,121
1725,MISSISSIPPI,MS,,SCOTT,123
1726,MISSISSIPPI,MS,,SHARKEY,125
1727,MISSISSIPPI,MS,,SIMPSON,127
1728,MISSISSIPPI,MS,,SMITH,129
1729,MISSISSIPPI,MS,,STONE,131
1730,MISSISSIPPI,MS,,SUNFLOWER,133
1731,MISSISSIPPI,MS,,TALLAHATCHIE,135
1732,MISSISSIPPI,MS,,TATE,137
1733,MISSISSIPPI,MS,,TIPPAH,139
1734,MISSISSIPPI,MS,,TISHOMINGO,141
1735,MISSISSIPPI,MS,,TUNICA,143
1736,MISSISSIPPI,MS,,UNION,145
1737,MISSISSIPPI,MS,,WALTHALL,147
1738,MISSISSIPPI,MS,,WARREN,149
1739,MISSISSIPPI,MS,,WASHINGTON,151
1740,MISSISSIPPI,MS,,WAYNE,153
1741,MISSISSIPPI,MS,,WEBSTER,155
1742,MISSISSIPPI,MS,,WILKINSON,157
1743,MISSISSIPPI,MS,,WINSTON,159
1744,MISSISSIPPI,MS,,YALOBUSHA,161
1745,MISSISSIPPI,MS,,YAZOO,163
1746,MISSISSIPPI,MS,99,OFFSHORE-STATE,990
1747,MONTANA,MT,,BEAVERHEAD,1
1748,MONTANA,MT,,BIG HORN,3
1749,MONTANA,MT,,BLAINE,5
1750,MONTANA,MT,,BROADWATER,7
1751,MONTANA,MT,,CARBON,9
1752,MONTANA,MT,,CARTER,11
1753,MONTANA,MT,,CASCADE,13
1754,MONTANA,MT,,CHOUTEAU,15
1755,MONTANA,MT,,CUSTER,17
1756,MONTANA,MT,,DANIELS,19
1757,MONTANA,MT,,DAWSON,21
1758,MONTANA,MT,,DEER LODGE,23
1759,MONTANA,MT,,FALLON,25
1760,MONTANA,MT,,FERGUS,27
1761,MONTANA,MT,,FLATHEAD,29
1762,MONTANA,MT,,GALLATIN,31
1763,MONTANA,MT,,GARFIELD,33
1764,MONTANA,MT,,GLACIER,35
1765,MONTANA,MT,,GOLDEN VALLEY,37
1766,MONTANA,MT,,GRANITE,39
1767,MONTANA,MT,,HILL,41
1768,MONTANA,MT,,JEFFERSON,43
1769,MONTANA,MT,,JUDITH BASIN,45
1770,MONTANA,MT,,LAKE,47
1771,MONTANA,MT,,LEWIS AND CLARK,49
1772,MONTANA,MT,,LIBERTY,51
1773,MONTANA,MT,,LINCOLN,53
1774,MONTANA,MT,,MCCONE,55
1775,MONTANA,MT,,MADISON,57
1776,MONTANA,MT,,MEAGHER,59
1777,MONTANA,MT,,MINERAL,61
1778,MONTANA,MT,,MISSOULA,63
1779,MONTANA,MT,,MUSSELSHELL,65
1780,MONTANA,MT,,PARK,67
1781,MONTANA,MT,,PETROLEUM,69
1782,MONTANA,MT,,PHILLIPS,71
1783,MONTANA,MT,,PONDERA,73
1784,MONTANA,MT,,POWDER RIVER,75
1785,MONTANA,MT,,POWELL,77
1786,MONTANA,MT,,PRAIRIE,79
1787,MONTANA,MT,,RAVALLI,81
1788,MONTANA,MT,,RICHLAND,83
1789,MONTANA,MT,,ROOSEVELT,85
1790,MONTANA,MT,,ROSEBUD,87
1791,MONTANA,MT,,SANDERS,89
1792,MONTANA,MT,,SHERIDAN,91
1793,MONTANA,MT,,SILVER BOW,93
1794,MONTANA,MT,,STILLWATER,95
1795,MONTANA,MT,,SWEET GRASS,97
1796,MONTANA,MT,,TETON,99
1797,MONTANA,MT,,TOOLE,101
1798,MONTANA,MT,,TREASURE,103
1799,MONTANA,MT,,VALLEY,105
1800,MONTANA,MT,,WHEATLAND,107
1801,MONTANA,MT,,WIBAUX,109
1802,MONTANA,MT,,YELLOWSTONE,111
1803,NORTH CAROLINA,NC,,ALAMANCE,1
1804,NORTH CAROLINA,NC,,ALEXANDER,3
1805,NORTH CAROLINA,NC,,ALLEGHANY,5
1806,NORTH CAROLINA,NC,,ANSON,7
1807,NORTH CAROLINA,NC,,ASHE,9
1808,NORTH CAROLINA,NC,,AVERY,11
1809,NORTH CAROLINA,NC,,BEAUFORT,13
1810,NORTH CAROLINA,NC,,BERTIE,15
1811,NORTH CAROLINA,NC,,BLADEN,17
1812,NORTH CAROLINA,NC,,BRUNSWICK,19
1813,NORTH CAROLINA,NC,,BUNCOMBE,21
1814,NORTH CAROLINA,NC,,BURKE,23
1815,NORTH CAROLINA,NC,,CABARRUS,25
1816,NORTH CAROLINA,NC,,CALDWELL,27
1817,NORTH CAROLINA,NC,,CAMDEN,29
1818,NORTH CAROLINA,NC,,CARTERET,31
1819,NORTH CAROLINA,NC,,CASWELL,33
1820,NORTH CAROLINA,NC,,CATAWBA,35
1821,NORTH CAROLINA,NC,,CHATHAM,37
1822,NORTH CAROLINA,NC,,CHEROKEE,39
1823,NORTH CAROLINA,NC,,CHOWAN,41
1824,NORTH CAROLINA,NC,,CLAY,43
1825,NORTH CAROLINA,NC,,CLEVELAND,45
1826,NORTH CAROLINA,NC,,COLUMBUS,47
1827,NORTH CAROLINA,NC,,CRAVEN,49
1828,NORTH CAROLINA,NC,,CUMBERLAND,51
1829,NORTH CAROLINA,NC,,CURRITUCK,53
1830,NORTH CAROLINA,NC,,DARE,55
1831,NORTH CAROLINA,NC,,DAVIDSON,57
1832,NORTH CAROLINA,NC,,DAVIE,59
1833,NORTH CAROLINA,NC,,DUPLIN,61
1834,NORTH CAROLINA,NC,,DURHAM,63
1835,NORTH CAROLINA,NC,,EDGECOMBE,65
1836,NORTH CAROLINA,NC,,FORSYTH,67
1837,NORTH CAROLINA,NC,,FRANKLIN,69
1838,NORTH CAROLINA,NC,,GASTON,71
1839,NORTH CAROLINA,NC,,GATES,73
1840,NORTH CAROLINA,NC,,GRAHAM,75
1841,NORTH CAROLINA,NC,,GRANVILLE,77
1842,NORTH CAROLINA,NC,,GREENE,79
1843,NORTH CAROLINA,NC,,GUILFORD,81
1844,NORTH CAROLINA,NC,,HALIFAX,83
1845,NORTH CAROLINA,NC,,HARNETT,85
1846,NORTH CAROLINA,NC,,HAYWOOD,87
1847,NORTH CAROLINA,NC,,HENDERSON,89
1848,NORTH CAROLINA,NC,,HERTFORD,91
1849,NORTH CAROLINA,NC,,HOKE,93
1850,NORTH CAROLINA,NC,,HYDE,95
1851,NORTH CAROLINA,NC,,IREDELL,97
1852,NORTH CAROLINA,NC,,JACKSON,99
1853,NORTH CAROLINA,NC,,JOHNSTON,101
1854,NORTH CAROLINA,NC,,JONES,103
1855,NORTH CAROLINA,NC,,LEE,105
1856,NORTH CAROLINA,NC,,LENOIR,107
1857,NORTH CAROLINA,NC,,LINCOLN,109
1858,NORTH CAROLINA,NC,,MCDOWELL,111
1859,NORTH CAROLINA,NC,,MACON,113
1860,NORTH CAROLINA,NC,,MADISON,115
1861,NORTH CAROLINA,NC,,MARTIN,117
1862,NORTH CAROLINA,NC,,MECKLENBURG,119
1863,NORTH CAROLINA,NC,,MITCHELL,121
1864,NORTH CAROLINA,NC,,MONTGOMERY,123
1865,NORTH CAROLINA,NC,,MOORE,125
1866,NORTH CAROLINA,NC,,NASH,127
1867,NORTH CAROLINA,NC,,NEW HANOVER,129
1868,NORTH CAROLINA,NC,,NORTHAMPTON,131
1869,NORTH CAROLINA,NC,,ONSLOW,133
1870,NORTH CAROLINA,NC,,ORANGE,135
1871,NORTH CAROLINA,NC,,PAMLICO,137
1872,NORTH CAROLINA,NC,,PASQUOTANK,139
1873,NORTH CAROLINA,NC,,PENDER,141
1874,NORTH CAROLINA,NC,,PERQUIMANS,143
1875,NORTH CAROLINA,NC,,PERSON,145
1876,NORTH CAROLINA,NC,,PITT,147
1877,NORTH CAROLINA,NC,,POLK,149
1878,NORTH CAROLINA,NC,,RANDOLPH,151
1879,NORTH CAROLINA,NC,,RICHMOND,153
1880,NORTH CAROLINA,NC,,ROBESON,155
1881,NORTH CAROLINA,NC,,ROCKINGHAM,157
1882,NORTH CAROLINA,NC,,ROWAN,159
1883,NORTH CAROLINA,NC,,RUTHERFORD,161
1884,NORTH CAROLINA,NC,,SAMPSON,163
1885,NORTH CAROLINA,NC,,SCOTLAND,165
1886,NORTH CAROLINA,NC,,STANLY,167
1887,NORTH CAROLINA,NC,,STOKES,169
1888,NORTH CAROLINA,NC,,SURRY,171
1889,NORTH CAROLINA,NC,,SWAIN,173
1890,NORTH CAROLINA,NC,,TRANSYLVANIA,175
1891,NORTH CAROLINA,NC,,TYRRELL,177
1892,NORTH CAROLINA,NC,,UNION,179
1893,NORTH CAROLINA,NC,,VANCE,181
1894,NORTH CAROLINA,NC,,WAKE,183
1895,NORTH CAROLINA,NC,,WARREN,185
1896,NORTH CAROLINA,NC,,WASHINGTON,187
1897,NORTH CAROLINA,NC,,WATAUGA,189
1898,NORTH CAROLINA,NC,,WAYNE,191
1899,NORTH CAROLINA,NC,,WILKES,193
1900,NORTH CAROLINA,NC,,WILSON,195
1901,NORTH CAROLINA,NC,,YADKIN,197
1902,NORTH CAROLINA,NC,,YANCEY,199
1903,NORTH CAROLINA,NC,99,OFFSHORE-STATE,990
1904,NORTH DAKOTA,ND,,ADAMS,1
1905,NORTH DAKOTA,ND,,BARNES,3
1906,NORTH DAKOTA,ND,,BENSON,5
1907,NORTH DAKOTA,ND,,BILLINGS,7
1908,NORTH DAKOTA,ND,,BOTTINEAU,9
1909,NORTH DAKOTA,ND,,BOWMAN,11
1910,NORTH DAKOTA,ND,,BURKE,13
1911,NORTH DAKOTA,ND,,BURLEIGH,15
1912,NORTH DAKOTA,ND,,CASS,17
1913,NORTH DAKOTA,ND,,CAVALIER,19
1914,NORTH DAKOTA,ND,,DICKEY,21
1915,NORTH DAKOTA,ND,,DIVIDE,23
1916,NORTH DAKOTA,ND,,DUNN,25
1917,NORTH DAKOTA,ND,,EDDY,27
1918,NORTH DAKOTA,ND,,EMMONS,29
1919,NORTH DAKOTA,ND,,FOSTER,31
1920,NORTH DAKOTA,ND,,GOLDEN VALLEY,33
1921,NORTH DAKOTA,ND,,GRAND FORKS,35
1922,NORTH DAKOTA,ND,,GRANT,37
1923,NORTH DAKOTA,ND,,GRIGGS,39
1924,NORTH DAKOTA,ND,,HETTINGER,41
1925,NORTH DAKOTA,ND,,KIDDER,43
1926,NORTH DAKOTA,ND,,LAMOURE,45
1927,NORTH DAKOTA,ND,,LOGAN,47
1928,NORTH DAKOTA,ND,,MCHENRY,49
1929,NORTH DAKOTA,ND,,MCINTOSH,51
1930,NORTH DAKOTA,ND,,MCKENZIE,53
1931,NORTH DAKOTA,ND,,MCLEAN,55
1932,NORTH DAKOTA,ND,,MERCER,57
1933,NORTH DAKOTA,ND,,MORTON,59
1934,NORTH DAKOTA,ND,,MOUNTRAIL,61
1935,NORTH DAKOTA,ND,,NELSON,63
1936,NORTH DAKOTA,ND,,OLIVER,65
1937,NORTH DAKOTA,ND,,PEMBINA,67
1938,NORTH DAKOTA,ND,,PIERCE,69
1939,NORTH DAKOTA,ND,,RAMSEY,71
1940,NORTH DAKOTA,ND,,RANSOM,73
1941,NORTH DAKOTA,ND,,RENVILLE,75
1942,NORTH DAKOTA,ND,,RICHLAND,77
1943,NORTH DAKOTA,ND,,ROLETTE,79
1944,NORTH DAKOTA,ND,,SARGENT,81
1945,NORTH DAKOTA,ND,,SHERIDAN,83
1946,NORTH DAKOTA,ND,,SIOUX,85
1947,NORTH DAKOTA,ND,,SLOPE,87
1948,NORTH DAKOTA,ND,,STARK,89
1949,NORTH DAKOTA,ND,,STEELE,91
1950,NORTH DAKOTA,ND,,STUTSMAN,93
1951,NORTH DAKOTA,ND,,TOWNER,95
1952,NORTH DAKOTA,ND,,TRAILL,97
1953,NORTH DAKOTA,ND,,WALSH,99
1954,NORTH DAKOTA,ND,,WARD,101
1955,NORTH DAKOTA,ND,,WELLS,103
1956,NORTH DAKOTA,ND,,WILLIAMS,105
1957,NEBRASKA,NE,,ADAMS,1
1958,NEBRASKA,NE,,ANTELOPE,3
1959,NEBRASKA,NE,,ARTHUR,5
1960,NEBRASKA,NE,,BANNER,7
1961,NEBRASKA,NE,,BLAINE,9
1962,NEBRASKA,NE,,BOONE,11
1963,NEBRASKA,NE,,BOX BUTTE,13
1964,NEBRASKA,NE,,BOYD,15
1965,NEBRASKA,NE,,BROWN,17
1966,NEBRASKA,NE,,BUFFALO,19
1967,NEBRASKA,NE,,BURT,21
1968,NEBRASKA,NE,,BUTLER,23
1969,NEBRASKA,NE,,CASS,25
1970,NEBRASKA,NE,,CEDAR,27
1971,NEBRASKA,NE,,CHASE,29
1972,NEBRASKA,NE,,CHERRY,31
1973,NEBRASKA,NE,,CHEYENNE,33
1974,NEBRASKA,NE,,CLAY,35
1975,NEBRASKA,NE,,COLFAX,37
1976,NEBRASKA,NE,,CUMING,39
1977,NEBRASKA,NE,,CUSTER,41
1978,NEBRASKA,NE,,DAKOTA,43
1979,NEBRASKA,NE,,DAWES,45
1980,NEBRASKA,NE,,DAWSON,47
1981,NEBRASKA,NE,,DEUEL,49
1982,NEBRASKA,NE,,DIXON,51
1983,NEBRASKA,NE,,DODGE,53
1984,NEBRASKA,NE,,DOUGLAS,55
1985,NEBRASKA,NE,,DUNDY,57
1986,NEBRASKA,NE,,FILLMORE,59
1987,NEBRASKA,NE,,FRANKLIN,61
1988,NEBRASKA,NE,,FRONTIER,63
1989,NEBRASKA,NE,,FURNAS,65
1990,NEBRASKA,NE,,GAGE,67
1991,NEBRASKA,NE,,GARDEN,69
1992,NEBRASKA,NE,,GARFIELD,71
1993,NEBRASKA,NE,,GOSPER,73
1994,NEBRASKA,NE,,GRANT,75
1995,NEBRASKA,NE,,GREELEY,77
1996,NEBRASKA,NE,,HALL,79
1997,NEBRASKA,NE,,HAMILTON,81
1998,NEBRASKA,NE,,HARLAN,83
1999,NEBRASKA,NE,,HAYES,85
2000,NEBRASKA,NE,,HITCHCOCK,87
2001,NEBRASKA,NE,,HOLT,89
2002,NEBRASKA,NE,,HOOKER,91
2003,NEBRASKA,NE,,HOWARD,93
2004,NEBRASKA,NE,,JEFFERSON,95
2005,NEBRASKA,NE,,JOHNSON,97
2006,NEBRASKA,NE,,KEARNEY,99
2007,NEBRASKA,NE,,KEITH,101
2008,NEBRASKA,NE,,KEYA PAHA,103
2009,NEBRASKA,NE,,KIMBALL,105
2010,NEBRASKA,NE,,KNOX,107
2011,NEBRASKA,NE,,LANCASTER,109
2012,NEBRASKA,NE,,LINCOLN,111
2013,NEBRASKA,NE,,LOGAN,113
2014,NEBRASKA,NE,,LOUP,115
2015,NEBRASKA,NE,,MCPHERSON,117
2016,NEBRASKA,NE,,MADISON,119
2017,NEBRASKA,NE,,MERRICK,121
2018,NEBRASKA,NE,,MORRILL,123
2019,NEBRASKA,NE,,NANCE,125
2020,NEBRASKA,NE,,NEMAHA,127
2021,NEBRASKA,NE,,NUCKOLLS,129
2022,NEBRASKA,NE,,OTOE,131
2023,NEBRASKA,NE,,PAWNEE,133
2024,NEBRASKA,NE,,PERKINS,135
2025,NEBRASKA,NE,,PHELPS,137
2026,NEBRASKA,NE,,PIERCE,139
2027,NEBRASKA,NE,,PLATTE,141
2028,NEBRASKA,NE,,POLK,143
2029,NEBRASKA,NE,,RED WILLOW,145
2030,NEBRASKA,NE,,RICHARDSON,147
2031,NEBRASKA,NE,,ROCK,149
2032,NEBRASKA,NE,,SALINE,151
2033,NEBRASKA,NE,,SARPY,153
2034,NEBRASKA,NE,,SAUNDERS,155
2035,NEBRASKA,NE,,SCOTTS BLUFF,157
2036,NEBRASKA,NE,,SEWARD,159
2037,NEBRASKA,NE,,SHERIDAN,161
2038,NEBRASKA,NE,,SHERMAN,163
2039,NEBRASKA,NE,,SIOUX,165
2040,NEBRASKA,NE,,STANTON,167
2041,NEBRASKA,NE,,THAYER,169
2042,NEBRASKA,NE,,THOMAS,171
2043,NEBRASKA,NE,,THURSTON,173
2044,NEBRASKA,NE,,VALLEY,175
2045,NEBRASKA,NE,,WASHINGTON,177
2046,NEBRASKA,NE,,WAYNE,179
2047,NEBRASKA,NE,,WEBSTER,181
2048,NEBRASKA,NE,,WHEELER,183
2049,NEBRASKA,NE,,YORK,185
2050,NEW HAMPSHIRE,NH,,BELKNAP,1
2051,NEW HAMPSHIRE,NH,,CARROLL,3
2052,NEW HAMPSHIRE,NH,,CHESHIRE,5
2053,NEW HAMPSHIRE,NH,,COOS,7
2054,NEW HAMPSHIRE,NH,,GRAFTON,9
2055,NEW HAMPSHIRE,NH,,HILLSBOROUGH,11
2056,NEW HAMPSHIRE,NH,,MERRIMACK,13
2057,NEW HAMPSHIRE,NH,,ROCKINGHAM,15
2058,NEW HAMPSHIRE,NH,,STRAFFORD,17
2059,NEW HAMPSHIRE,NH,,SULLIVAN,19
2060,NEW HAMPSHIRE,NH,99,OFFSHORE-STATE,990
2061,NEW JERSEY,NJ,,ATLANTIC,1
2062,NEW JERSEY,NJ,,BERGEN,3
2063,NEW JERSEY,NJ,,BURLINGTON,5
2064,NEW JERSEY,NJ,,CAMDEN,7
2065,NEW JERSEY,NJ,,CAPE MAY,9
2066,NEW JERSEY,NJ,,CUMBERLAND,11
2067,NEW JERSEY,NJ,,ESSEX,13
2068,NEW JERSEY,NJ,,GLOUCESTER,15
2069,NEW JERSEY,NJ,,HUDSON,17
2070,NEW JERSEY,NJ,,HUNTERDON,19
2071,NEW JERSEY,NJ,,MERCER,21
2072,NEW JERSEY,NJ,,MIDDLESEX,23
2073,NEW JERSEY,NJ,,MONMOUTH,25
2074,NEW JERSEY,NJ,,MORRIS,27
2075,NEW JERSEY,NJ,,OCEAN,29
2076,NEW JERSEY,NJ,,PASSAIC,31
2077,NEW JERSEY,NJ,,SALEM,33
2078,NEW JERSEY,NJ,,SOMERSET,35
2079,NEW JERSEY,NJ,,SUSSEX,37
2080,NEW JERSEY,NJ,,UNION,39
2081,NEW JERSEY,NJ,,WARREN,41
2082,NEW JERSEY,NJ,99,OFFSHORE-STATE,990
2083,NEW MEXICO,NM,W,BERNALILLO,1
2084,NEW MEXICO,NM,W,CATRON,3
2085,NEW MEXICO,NM,E,CHAVES,5
2086,NEW MEXICO,NM,W,CIBOLA,6
2087,NEW MEXICO,NM,E,COLFAX,7
2088,NEW MEXICO,NM,E,CURRY,9
2089,NEW MEXICO,NM,E,DE BACA,11
2090,NEW MEXICO,NM,W,DONA ANA,13
2091,NEW MEXICO,NM,E,EDDY,15
2092,NEW MEXICO,NM,W,GRANT,17
2093,NEW MEXICO,NM,E,GUADALUPE,19
2094,NEW MEXICO,NM,E,HARDING,21
2095,NEW MEXICO,NM,W,HIDALGO,23
2096,NEW MEXICO,NM,E,LEA,25
2097,NEW MEXICO,NM,E,LINCOLN,27
2098,NEW MEXICO,NM,W,LOS ALAMOS,28
2099,NEW MEXICO,NM,W,LUNA,29
2100,NEW MEXICO,NM,W,MCKINLEY,31
2101,NEW MEXICO,NM,E,MORA,33
2102,NEW MEXICO,NM,E,OTERO,35
2103,NEW MEXICO,NM,E,QUAY,37
2104,NEW MEXICO,NM,W,RIO ARRIBA,39
2105,NEW MEXICO,NM,E,ROOSEVELT,41
2106,NEW MEXICO,NM,W,SANDOVAL,43
2107,NEW MEXICO,NM,W,SAN JUAN,45
2108,NEW MEXICO,NM,E,SAN MIGUEL,47
2109,NEW MEXICO,NM,W,SANTA FE,49
2110,NEW MEXICO,NM,W,SIERRA,51
2111,NEW MEXICO,NM,W,SOCORRO,53
2112,NEW MEXICO,NM,W,TAOS,55
2113,NEW MEXICO,NM,W,TORRANCE,57
2114,NEW MEXICO,NM,E,UNION,59
2115,NEW MEXICO,NM,W,VALENCIA,61
2116,NEVADA,NV,,CHURCHILL,1
2117,NEVADA,NV,,CLARK,3
2118,NEVADA,NV,,DOUGLAS,5
2119,NEVADA,NV,,ELKO,7
2120,NEVADA,NV,,ESMERALDA,9
2121,NEVADA,NV,,EUREKA,11
2122,NEVADA,NV,,HUMBOLDT,13
2123,NEVADA,NV,,LANDER,15
2124,NEVADA,NV,,LINCOLN,17
2125,NEVADA,NV,,LYON,19
2126,NEVADA,NV,,MINERAL,21
2127,NEVADA,NV,,NYE,23
2128,NEVADA,NV,,PERSHING,27
2129,NEVADA,NV,,STOREY,29
2130,NEVADA,NV,,WASHOE,31
2131,NEVADA,NV,,WHITE PINE,33
2132,NEW YORK,NY,,ALBANY,1
2133,NEW YORK,NY,,ALLEGANY,3
2134,NEW YORK,NY,,BRONX,5
2135,NEW YORK,NY,,BROOME,7
2136,NEW YORK,NY,,CATTARAUGUS,9
2137,NEW YORK,NY,,CAYUGA,11
2138,NEW YORK,NY,,CHAUTAUQUA,13
2139,NEW YORK,NY,,CHEMUNG,15
2140,NEW YORK,NY,,CHENANGO,17
2141,NEW YORK,NY,,CLINTON,19
2142,NEW YORK,NY,,COLUMBIA,21
2143,NEW YORK,NY,,CORTLAND,23
2144,NEW YORK,NY,,DELAWARE,25
2145,NEW YORK,NY,,DUTCHESS,27
2146,NEW YORK,NY,,ERIE,29
2147,NEW YORK,NY,,ESSEX,31
2148,NEW YORK,NY,,FRANKLIN,33
2149,NEW YORK,NY,,FULTON,35
2150,NEW YORK,NY,,GENESEE,37
2151,NEW YORK,NY,,GREENE,39
2152,NEW YORK,NY,,HAMILTON,41
2153,NEW YORK,NY,,HERKIMER,43
2154,NEW YORK,NY,,JEFFERSON,45
2155,NEW YORK,NY,,KINGS,47
2156,NEW YORK,NY,,LEWIS,49
2157,NEW YORK,NY,,LIVINGSTON,51
2158,NEW YORK,NY,,MADISON,53
2159,NEW YORK,NY,,MONROE,55
2160,NEW YORK,NY,,MONTGOMERY,57
2161,NEW YORK,NY,,NASSAU,59
2162,NEW YORK,NY,,NEW YORK,61
2163,NEW YORK,NY,,NIAGARA,63
2164,NEW YORK,NY,,ONEIDA,65
2165,NEW YORK,NY,,ONONDAGA,67
2166,NEW YORK,NY,,ONTARIO,69
2167,NEW YORK,NY,,ORANGE,71
2168,NEW YORK,NY,,ORLEANS,73
2169,NEW YORK,NY,,OSWEGO,75
2170,NEW YORK,NY,,OTSEGO,77
2171,NEW YORK,NY,,PUTNAM,79
2172,NEW YORK,NY,,QUEENS,81
2173,NEW YORK,NY,,RENSSELAER,83
2174,NEW YORK,NY,,RICHMOND,85
2175,NEW YORK,NY,,ROCKLAND,87
2176,NEW YORK,NY,,ST LAWRENCE,89
2177,NEW YORK,NY,,SARATOGA,91
2178,NEW YORK,NY,,SCHENECTADY,93
2179,NEW YORK,NY,,SCHOHARIE,95
2180,NEW YORK,NY,,SCHUYLER,97
2181,NEW YORK,NY,,SENECA,99
2182,NEW YORK,NY,,STEUBEN,101
2183,NEW YORK,NY,,SUFFOLK,103
2184,NEW YORK,NY,,SULLIVAN,105
2185,NEW YORK,NY,,TIOGA,107
2186,NEW YORK,NY,,TOMPKINS,109
2187,NEW YORK,NY,,ULSTER,111
2188,NEW YORK,NY,,WARREN,113
2189,NEW YORK,NY,,WASHINGTON,115
2190,NEW YORK,NY,,WAYNE,117
2191,NEW YORK,NY,,WESTCHESTER,119
2192,NEW YORK,NY,,WYOMING,121
2193,NEW YORK,NY,,YATES,123
2194,NEW YORK,NY,99,OFFSHORE-STATE,990
2195,OHIO,OH,,ADAMS,1
2196,OHIO,OH,,ALLEN,3
2197,OHIO,OH,,ASHLAND,5
2198,OHIO,OH,,ASHTABULA,7
2199,OHIO,OH,,ATHENS,9
2200,OHIO,OH,,AUGLAIZE,11
2201,OHIO,OH,,BELMONT,13
2202,OHIO,OH,,BROWN,15
2203,OHIO,OH,,BUTLER,17
2204,OHIO,OH,,CARROLL,19
2205,OHIO,OH,,CHAMPAIGN,21
2206,OHIO,OH,,CLARK,23
2207,OHIO,OH,,CLERMONT,25
2208,OHIO,OH,,CLINTON,27
2209,OHIO,OH,,COLUMBIANA,29
2210,OHIO,OH,,COSHOCTON,31
2211,OHIO,OH,,CRAWFORD,33
2212,OHIO,OH,,CUYAHOGA,35
2213,OHIO,OH,,DARKE,37
2214,OHIO,OH,,DEFIANCE,39
2215,OHIO,OH,,DELAWARE,41
2216,OHIO,OH,,ERIE,43
2217,OHIO,OH,,FAIRFIELD,45
2218,OHIO,OH,,FAYETTE,47
2219,OHIO,OH,,FRANKLIN,49
2220,OHIO,OH,,FULTON,51
2221,OHIO,OH,,GALLIA,53
2222,OHIO,OH,,GEAUGA,55
2223,OHIO,OH,,GREENE,57
2224,OHIO,OH,,GUERNSEY,59
2225,OHIO,OH,,HAMILTON,61
2226,OHIO,OH,,HANCOCK,63
2227,OHIO,OH,,HARDIN,65
2228,OHIO,OH,,HARRISON,67
2229,OHIO,OH,,HENRY,69
2230,OHIO,OH,,HIGHLAND,71
2231,OHIO,OH,,HOCKING,73
2232,OHIO,OH,,HOLMES,75
2233,OHIO,OH,,HURON,77
2234,OHIO,OH,,JACKSON,79
2235,OHIO,OH,,JEFFERSON,81
2236,OHIO,OH,,KNOX,83
2237,OHIO,OH,,LAKE,85
2238,OHIO,OH,,LAWRENCE,87
2239,OHIO,OH,,LICKING,89
2240,OHIO,OH,,LOGAN,91
2241,OHIO,OH,,LORAIN,93
2242,OHIO,OH,,LUCAS,95
2243,OHIO,OH,,MADISON,97
2244,OHIO,OH,,MAHONING,99
2245,OHIO,OH,,MARION,101
2246,OHIO,OH,,MEDINA,103
2247,OHIO,OH,,MEIGS,105
2248,OHIO,OH,,MERCER,107
2249,OHIO,OH,,MIAMI,109
2250,OHIO,OH,,MONROE,111
2251,OHIO,OH,,MONTGOMERY,113
2252,OHIO,OH,,MORGAN,115
2253,OHIO,OH,,MORROW,117
2254,OHIO,OH,,MUSKINGUM,119
2255,OHIO,OH,,NOBLE,121
2256,OHIO,OH,,OTTAWA,123
2257,OHIO,OH,,PAULDING,125
2258,OHIO,OH,,PERRY,127
2259,OHIO,OH,,PICKAWAY,129
2260,OHIO,OH,,PIKE,131
2261,OHIO,OH,,PORTAGE,133
2262,OHIO,OH,,PREBLE,135
2263,OHIO,OH,,PUTNAM,137
2264,OHIO,OH,,RICHLAND,139
2265,OHIO,OH,,ROSS,141
2266,OHIO,OH,,SANDUSKY,143
2267,OHIO,OH,,SCIOTO,145
2268,OHIO,OH,,SENECA,147
2269,OHIO,OH,,SHELBY,149
2270,OHIO,OH,,STARK,151
2271,OHIO,OH,,SUMMIT,153
2272,OHIO,OH,,TRUMBULL,155
2273,OHIO,OH,,TUSCARAWAS,157
2274,OHIO,OH,,UNION,159
2275,OHIO,OH,,VAN WERT,161
2276,OHIO,OH,,VINTON,163
2277,OHIO,OH,,WARREN,165
2278,OHIO,OH,,WASHINGTON,167
2279,OHIO,OH,,WAYNE,169
2280,OHIO,OH,,WILLIAMS,171
2281,OHIO,OH,,WOOD,173
2282,OHIO,OH,,WYANDOT,175
2283,OHIO,OH,99,OFFSHORE-STATE,990
2284,OKLAHOMA,OK,,ADAIR,1
2285,OKLAHOMA,OK,,ALFALFA,3
2286,OKLAHOMA,OK,,ATOKA,5
2287,OKLAHOMA,OK,,BEAVER,7
2288,OKLAHOMA,OK,,BECKHAM,9
2289,OKLAHOMA,OK,,BLAINE,11
2290,OKLAHOMA,OK,,BRYAN,13
2291,OKLAHOMA,OK,,CADDO,15
2292,OKLAHOMA,OK,,CANADIAN,17
2293,OKLAHOMA,OK,,CARTER,19
2294,OKLAHOMA,OK,,CHEROKEE,21
2295,OKLAHOMA,OK,,CHOCTAW,23
2296,OKLAHOMA,OK,,CIMARRON,25
2297,OKLAHOMA,OK,,CLEVELAND,27
2298,OKLAHOMA,OK,,COAL,29
2299,OKLAHOMA,OK,,COMANCHE,31
2300,OKLAHOMA,OK,,COTTON,33
2301,OKLAHOMA,OK,,CRAIG,35
2302,OKLAHOMA,OK,,CREEK,37
2303,OKLAHOMA,OK,,CUSTER,39
2304,OKLAHOMA,OK,,DELAWARE,41
2305,OKLAHOMA,OK,,DEWEY,43
2306,OKLAHOMA,OK,,ELLIS,45
2307,OKLAHOMA,OK,,GARFIELD,47
2308,OKLAHOMA,OK,,GARVIN,49
2309,OKLAHOMA,OK,,GRADY,51
2310,OKLAHOMA,OK,,GRANT,53
2311,OKLAHOMA,OK,,GREER,55
2312,OKLAHOMA,OK,,HARMON,57
2313,OKLAHOMA,OK,,HARPER,59
2314,OKLAHOMA,OK,,HASKELL,61
2315,OKLAHOMA,OK,,HUGHES,63
2316,OKLAHOMA,OK,,JACKSON,65
2317,OKLAHOMA,OK,,JEFFERSON,67
2318,OKLAHOMA,OK,,JOHNSTON,69
2319,OKLAHOMA,OK,,KAY,71
2320,OKLAHOMA,OK,,KINGFISHER,73
2321,OKLAHOMA,OK,,KIOWA,75
2322,OKLAHOMA,OK,,LATIMER,77
2323,OKLAHOMA,OK,,LE FLORE,79
2324,OKLAHOMA,OK,,LINCOLN,81
2325,OKLAHOMA,OK,,LOGAN,83
2326,OKLAHOMA,OK,,LOVE,85
2327,OKLAHOMA,OK,,MCCLAIN,87
2328,OKLAHOMA,OK,,MCCURTAIN,89
2329,OKLAHOMA,OK,,MCINTOSH,91
2330,OKLAHOMA,OK,,MAJOR,93
2331,OKLAHOMA,OK,,MARSHALL,95
2332,OKLAHOMA,OK,,MAYES,97
2333,OKLAHOMA,OK,,MURRAY,99
2334,OKLAHOMA,OK,,MUSKOGEE,101
2335,OKLAHOMA,OK,,NOBLE,103
2336,OKLAHOMA,OK,,NOWATA,105
2337,OKLAHOMA,OK,,OKFUSKEE,107
2338,OKLAHOMA,OK,,OKLAHOMA,109
2339,OKLAHOMA,OK,,OKMULGEE,111
2340,OKLAHOMA,OK,,OSAGE,113
2341,OKLAHOMA,OK,,OTTAWA,115
2342,OKLAHOMA,OK,,PAWNEE,117
2343,OKLAHOMA,OK,,PAYNE,119
2344,OKLAHOMA,OK,,PITTSBURG,121
2345,OKLAHOMA,OK,,PONTOTOC,123
2346,OKLAHOMA,OK,,POTTAWATOMIE,125
2347,OKLAHOMA,OK,,PUSHMATAHA,127
2348,OKLAHOMA,OK,,ROGER MILLS,129
2349,OKLAHOMA,OK,,ROGERS,131
2350,OKLAHOMA,OK,,SEMINOLE,133
2351,OKLAHOMA,OK,,SEQUOYAH,135
2352,OKLAHOMA,OK,,STEPHENS,137
2353,OKLAHOMA,OK,,TEXAS,139
2354,OKLAHOMA,OK,,TILLMAN,141
2355,OKLAHOMA,OK,,TULSA,143
2356,OKLAHOMA,OK,,WAGONER,145
2357,OKLAHOMA,OK,,WASHINGTON,147
2358,OKLAHOMA,OK,,WASHITA,149
2359,OKLAHOMA,OK,,WOODS,151
2360,OKLAHOMA,OK,,WOODWARD,153
2361,OREGON,OR,,BAKER,1
2362,OREGON,OR,,BENTON,3
2363,OREGON,OR,,CLACKAMAS,5
2364,OREGON,OR,,CLATSOP,7
2365,OREGON,OR,,COLUMBIA,9
2366,OREGON,OR,,COOS,11
2367,OREGON,OR,,CROOK,13
2368,OREGON,OR,,CURRY,15
2369,OREGON,OR,,DESCHUTES,17
2370,OREGON,OR,,DOUGLAS,19
2371,OREGON,OR,,GILLIAM,21
2372,OREGON,OR,,GRANT,23
2373,OREGON,OR,,HARNEY,25
2374,OREGON,OR,,HOOD RIVER,27
2375,OREGON,OR,,JACKSON,29
2376,OREGON,OR,,JEFFERSON,31
2377,OREGON,OR,,JOSEPHINE,33
2378,OREGON,OR,,KLAMATH,35
2379,OREGON,OR,,LAKE,37
2380,OREGON,OR,,LANE,39
2381,OREGON,OR,,LINCOLN,41
2382,OREGON,OR,,LINN,43
2383,OREGON,OR,,MALHEUR,45
2384,OREGON,OR,,MARION,47
2385,OREGON,OR,,MORROW,49
2386,OREGON,OR,,MULTNOMAH,51
2387,OREGON,OR,,POLK,53
2388,OREGON,OR,,SHERMAN,55
2389,OREGON,OR,,TILLAMOOK,57
2390,OREGON,OR,,UMATILLA,59
2391,OREGON,OR,,UNION,61
2392,OREGON,OR,,WALLOWA,63
2393,OREGON,OR,,WASCO,65
2394,OREGON,OR,,WASHINGTON,67
2395,OREGON,OR,,WHEELER,69
2396,OREGON,OR,,YAMHILL,71
2397,OREGON,OR,99,OFFSHORE-STATE,990
2398,PENNSYLVANIA,PA,,ADAMS,1
2399,PENNSYLVANIA,PA,,ALLEGHENY,3
2400,PENNSYLVANIA,PA,,ARMSTRONG,5
2401,PENNSYLVANIA,PA,,BEAVER,7
2402,PENNSYLVANIA,PA,,BEDFORD,9
2403,PENNSYLVANIA,PA,,BERKS,11
2404,PENNSYLVANIA,PA,,BLAIR,13
2405,PENNSYLVANIA,PA,,BRADFORD,15
2406,PENNSYLVANIA,PA,,BUCKS,17
2407,PENNSYLVANIA,PA,,BUTLER,19
2408,PENNSYLVANIA,PA,,CAMBRIA,21
2409,PENNSYLVANIA,PA,,CAMERON,23
2410,PENNSYLVANIA,PA,,CARBON,25
2411,PENNSYLVANIA,PA,,CENTRE,27
2412,PENNSYLVANIA,PA,,CHESTER,29
2413,PENNSYLVANIA,PA,,CLARION,31
2414,PENNSYLVANIA,PA,,CLEARFIELD,33
2415,PENNSYLVANIA,PA,,CLINTON,35
2416,PENNSYLVANIA,PA,,COLUMBIA,37
2417,PENNSYLVANIA,PA,,CRAWFORD,39
2418,PENNSYLVANIA,PA,,CUMBERLAND,41
2419,PENNSYLVANIA,PA,,DAUPHIN,43
2420,PENNSYLVANIA,PA,,DELAWARE,45
2421,PENNSYLVANIA,PA,,ELK,47
2422,PENNSYLVANIA,PA,,ERIE,49
2423,PENNSYLVANIA,PA,,FAYETTE,51
2424,PENNSYLVANIA,PA,,FOREST,53
2425,PENNSYLVANIA,PA,,FRANKLIN,55
2426,PENNSYLVANIA,PA,,FULTON,57
2427,PENNSYLVANIA,PA,,GREENE,59
2428,PENNSYLVANIA,PA,,HUNTINGDON,61
2429,PENNSYLVANIA,PA,,INDIANA,63
2430,PENNSYLVANIA,PA,,JEFFERSON,65
2431,PENNSYLVANIA,PA,,JUNIATA,67
2432,PENNSYLVANIA,PA,,LACKAWANNA,69
2433,PENNSYLVANIA,PA,,LANCASTER,71
2434,PENNSYLVANIA,PA,,LAWRENCE,73
2435,PENNSYLVANIA,PA,,LEBANON,75
2436,PENNSYLVANIA,PA,,LEHIGH,77
2437,PENNSYLVANIA,PA,,LUZERNE,79
2438,PENNSYLVANIA,PA,,LYCOMING,81
2439,PENNSYLVANIA,PA,,MCKEAN,83
2440,PENNSYLVANIA,PA,,MERCER,85
2441,PENNSYLVANIA,PA,,MIFFLIN,87
2442,PENNSYLVANIA,PA,,MONROE,89
2443,PENNSYLVANIA,PA,,MONTGOMERY,91
2444,PENNSYLVANIA,PA,,MONTOUR,93
2445,PENNSYLVANIA,PA,,NORTHAMPTON,95
2446,PENNSYLVANIA,PA,,NORTHUMBERLAND,97
2447,PENNSYLVANIA,PA,,PERRY,99
2448,PENNSYLVANIA,PA,,PHILADELPHIA,101
2449,PENNSYLVANIA,PA,,PIKE,103
2450,PENNSYLVANIA,PA,,POTTER,105
2451,PENNSYLVANIA,PA,,SCHUYLKILL,107
2452,PENNSYLVANIA,PA,,SNYDER,109
2453,PENNSYLVANIA,PA,,SOMERSET,111
2454,PENNSYLVANIA,PA,,SULLIVAN,113
2455,PENNSYLVANIA,PA,,SUSQUEHANNA,115
2456,PENNSYLVANIA,PA,,TIOGA,117
2457,PENNSYLVANIA,PA,,UNION,119
2458,PENNSYLVANIA,PA,,VENANGO,121
2459,PENNSYLVANIA,PA,,WARREN,123
2460,PENNSYLVANIA,PA,,WASHINGTON,125
2461,PENNSYLVANIA,PA,,WAYNE,127
2462,PENNSYLVANIA,PA,,WESTMORELAND,129
2463,PENNSYLVANIA,PA,,WYOMING,131
2464,PENNSYLVANIA,PA,,YORK,133
2465,PENNSYLVANIA,PA,99,OFFSHORE-STATE,990
2466,RHODE ISLAND,RI,,BRISTOL,1
2467,RHODE ISLAND,RI,,KENT,3
2468,RHODE ISLAND,RI,,NEWPORT,5
2469,RHODE ISLAND,RI,,PROVIDENCE,7
2470,RHODE ISLAND,RI,,WASHINGTON,9
2471,RHODE ISLAND,RI,99,OFFSHORE-STATE,990
2472,SOUTH CAROLINA,SC,,ABBEVILLE,1
2473,SOUTH CAROLINA,SC,,AIKEN,3
2474,SOUTH CAROLINA,SC,,ALLENDALE,5
2475,SOUTH CAROLINA,SC,,ANDERSON,7
2476,SOUTH CAROLINA,SC,,BAMBERG,9
2477,SOUTH CAROLINA,SC,,BARNWELL,11
2478,SOUTH CAROLINA,SC,,BEAUFORT,13
2479,SOUTH CAROLINA,SC,,BERKELEY,15
2480,SOUTH CAROLINA,SC,,CALHOUN,17
2481,SOUTH CAROLINA,SC,,CHARLESTON,19
2482,SOUTH CAROLINA,SC,,CHEROKEE,21
2483,SOUTH CAROLINA,SC,,CHESTER,23
2484,SOUTH CAROLINA,SC,,CHESTERFIELD,25
2485,SOUTH CAROLINA,SC,,CLARENDON,27
2486,SOUTH CAROLINA,SC,,COLLETON,29
2487,SOUTH CAROLINA,SC,,DARLINGTON,31
2488,SOUTH CAROLINA,SC,,DILLON,33
2489,SOUTH CAROLINA,SC,,DORCHESTER,35
2490,SOUTH CAROLINA,SC,,EDGEFIELD,37
2491,SOUTH CAROLINA,SC,,FAIRFIELD,39
2492,SOUTH CAROLINA,SC,,FLORENCE,41
2493,SOUTH CAROLINA,SC,,GEORGETOWN,43
2494,SOUTH CAROLINA,SC,,GREENVILLE,45
2495,SOUTH CAROLINA,SC,,GREENWOOD,47
2496,SOUTH CAROLINA,SC,,HAMPTON,49
2497,SOUTH CAROLINA,SC,,HORRY,51
2498,SOUTH CAROLINA,SC,,JASPER,53
2499,SOUTH CAROLINA,SC,,KERSHAW,55
2500,SOUTH CAROLINA,SC,,LANCASTER,57
2501,SOUTH CAROLINA,SC,,LAURENS,59
2502,SOUTH CAROLINA,SC,,LEE,61
2503,SOUTH CAROLINA,SC,,LEXINGTON,63
2504,SOUTH CAROLINA,SC,,MCCORMICK,65
2505,SOUTH CAROLINA,SC,,MARION,67
2506,SOUTH CAROLINA,SC,,MARLBORO,69
2507,SOUTH CAROLINA,SC,,NEWBERRY,71
2508,SOUTH CAROLINA,SC,,OCONEE,73
2509,SOUTH CAROLINA,SC,,ORANGEBURG,75
2510,SOUTH CAROLINA,SC,,PICKENS,77
2511,SOUTH CAROLINA,SC,,RICHLAND,79
2512,SOUTH CAROLINA,SC,,SALUDA,81
2513,SOUTH CAROLINA,SC,,SPARTANBURG,83
2514,SOUTH CAROLINA,SC,,SUMTER,85
2515,SOUTH CAROLINA,SC,,UNION,87
2516,SOUTH CAROLINA,SC,,WILLIAMSBURG,89
2517,SOUTH CAROLINA,SC,,YORK,91
2518,SOUTH CAROLINA,SC,99,OFFSHORE-STATE,990
2519,SOUTH DAKOTA,SD,,AURORA,3
2520,SOUTH DAKOTA,SD,,BEADLE,5
2521,SOUTH DAKOTA,SD,,BENNETT,7
2522,SOUTH DAKOTA,SD,,BON HOMME,9
2523,SOUTH DAKOTA,SD,,BROOKINGS,11
2524,SOUTH DAKOTA,SD,,BROWN,13
2525,SOUTH DAKOTA,SD,,BRULE,15
2526,SOUTH DAKOTA,SD,,BUFFALO,17
2527,SOUTH DAKOTA,SD,,BUTTE,19
2528,SOUTH DAKOTA,SD,,CAMPBELL,21
2529,SOUTH DAKOTA,SD,,CHARLES MIX,23
2530,SOUTH DAKOTA,SD,,CLARK,25
2531,SOUTH DAKOTA,SD,,CLAY,27
2532,SOUTH DAKOTA,SD,,CODINGTON,29
2533,SOUTH DAKOTA,SD,,CORSON,31
2534,SOUTH DAKOTA,SD,,CUSTER,33
2535,SOUTH DAKOTA,SD,,DAVISON,35
2536,SOUTH DAKOTA,SD,,DAY,37
2537,SOUTH DAKOTA,SD,,DEUEL,39
2538,SOUTH DAKOTA,SD,,DEWEY,41
2539,SOUTH DAKOTA,SD,,DOUGLAS,43
2540,SOUTH DAKOTA,SD,,EDMUNDS,45
2541,SOUTH DAKOTA,SD,,FALL RIVER,47
2542,SOUTH DAKOTA,SD,,FAULK,49
2543,SOUTH DAKOTA,SD,,GRANT,51
2544,SOUTH DAKOTA,SD,,GREGORY,53
2545,SOUTH DAKOTA,SD,,HAAKON,55
2546,SOUTH DAKOTA,SD,,HAMLIN,57
2547,SOUTH DAKOTA,SD,,HAND,59
2548,SOUTH DAKOTA,SD,,HANSON,61
2549,SOUTH DAKOTA,SD,,HARDING,63
2550,SOUTH DAKOTA,SD,,HUGHES,65
2551,SOUTH DAKOTA,SD,,HUTCHINSON,67
2552,SOUTH DAKOTA,SD,,HYDE,69
2553,SOUTH DAKOTA,SD,,JACKSON,71
2554,SOUTH DAKOTA,SD,,JERAULD,73
2555,SOUTH DAKOTA,SD,,JONES,75
2556,SOUTH DAKOTA,SD,,KINGSBURY,77
2557,SOUTH DAKOTA,SD,,LAKE,79
2558,SOUTH DAKOTA,SD,,LAWRENCE,81
2559,SOUTH DAKOTA,SD,,LINCOLN,83
2560,SOUTH DAKOTA,SD,,LYMAN,85
2561,SOUTH DAKOTA,SD,,MCCOOK,87
2562,SOUTH DAKOTA,SD,,MCPHERSON,89
2563,SOUTH DAKOTA,SD,,MARSHALL,91
2564,SOUTH DAKOTA,SD,,MEADE,93
2565,SOUTH DAKOTA,SD,,MELLETTE,95
2566,SOUTH DAKOTA,SD,,MINER,97
2567,SOUTH DAKOTA,SD,,MINNEHAHA,99
2568,SOUTH DAKOTA,SD,,MOODY,101
2569,SOUTH DAKOTA,SD,,OGLALA LAKOTA,102
2570,SOUTH DAKOTA,SD,,PENNINGTON,103
2571,SOUTH DAKOTA,SD,,PERKINS,105
2572,SOUTH DAKOTA,SD,,POTTER,107
2573,SOUTH DAKOTA,SD,,ROBERTS,109
2574,SOUTH DAKOTA,SD,,SANBORN,111
2575,SOUTH DAKOTA,SD,,SHANNON (now OGLALA LAKOTA),102
2576,SOUTH DAKOTA,SD,,SPINK,115
2577,SOUTH DAKOTA,SD,,STANLEY,117
2578,SOUTH DAKOTA,SD,,SULLY,119
2579,SOUTH DAKOTA,SD,,TODD,121
2580,SOUTH DAKOTA,SD,,TRIPP,123
2581,SOUTH DAKOTA,SD,,TURNER,125
2582,SOUTH DAKOTA,SD,,UNION,127
2583,SOUTH DAKOTA,SD,,WALWORTH,129
2584,SOUTH DAKOTA,SD,,YANKTON,135
2585,SOUTH DAKOTA,SD,,ZIEBACH,137
2586,TENNESSEE,TN,,ANDERSON,1
2587,TENNESSEE,TN,,BEDFORD,3
2588,TENNESSEE,TN,,BENTON,5
2589,TENNESSEE,TN,,BLEDSOE,7
2590,TENNESSEE,TN,,BLOUNT,9
2591,TENNESSEE,TN,,BRADLEY,11
2592,TENNESSEE,TN,,CAMPBELL,13
2593,TENNESSEE,TN,,CANNON,15
2594,TENNESSEE,TN,,CARROLL,17
2595,TENNESSEE,TN,,CARTER,19
2596,TENNESSEE,TN,,CHEATHAM,21
2597,TENNESSEE,TN,,CHESTER,23
2598,TENNESSEE,TN,,CLAIBORNE,25
2599,TENNESSEE,TN,,CLAY,27
2600,TENNESSEE,TN,,COCKE,29
2601,TENNESSEE,TN,,COFFEE,31
2602,TENNESSEE,TN,,CROCKETT,33
2603,TENNESSEE,TN,,CUMBERLAND,35
2604,TENNESSEE,TN,,DAVIDSON,37
2605,TENNESSEE,TN,,DECATUR,39
2606,TENNESSEE,TN,,DEKALB,41
2607,TENNESSEE,TN,,DICKSON,43
2608,TENNESSEE,TN,,DYER,45
2609,TENNESSEE,TN,,FAYETTE,47
2610,TENNESSEE,TN,,FENTRESS,49
2611,TENNESSEE,TN,,FRANKLIN,51
2612,TENNESSEE,TN,,GIBSON,53
2613,TENNESSEE,TN,,GILES,55
2614,TENNESSEE,TN,,GRAINGER,57
2615,TENNESSEE,TN,,GREENE,59
2616,TENNESSEE,TN,,GRUNDY,61
2617,TENNESSEE,TN,,HAMBLEN,63
2618,TENNESSEE,TN,,HAMILTON,65
2619,TENNESSEE,TN,,HANCOCK,67
2620,TENNESSEE,TN,,HARDEMAN,69
2621,TENNESSEE,TN,,HARDIN,71
2622,TENNESSEE,TN,,HAWKINS,73
2623,TENNESSEE,TN,,HAYWOOD,75
2624,TENNESSEE,TN,,HENDERSON,77
2625,TENNESSEE,TN,,HENRY,79
2626,TENNESSEE,TN,,HICKMAN,81
2627,TENNESSEE,TN,,HOUSTON,83
2628,TENNESSEE,TN,,HUMPHREYS,85
2629,TENNESSEE,TN,,JACKSON,87
2630,TENNESSEE,TN,,JEFFERSON,89
2631,TENNESSEE,TN,,JOHNSON,91
2632,TENNESSEE,TN,,KNOX,93
2633,TENNESSEE,TN,,LAKE,95
2634,TENNESSEE,TN,,LAUDERDALE,97
2635,TENNESSEE,TN,,LAWRENCE,99
2636,TENNESSEE,TN,,LEWIS,101
2637,TENNESSEE,TN,,LINCOLN,103
2638,TENNESSEE,TN,,LOUDON,105
2639,TENNESSEE,TN,,MCMINN,107
2640,TENNESSEE,TN,,MCNAIRY,109
2641,TENNESSEE,TN,,MACON,111
2642,TENNESSEE,TN,,MADISON,113
2643,TENNESSEE,TN,,MARION,115
2644,TENNESSEE,TN,,MARSHALL,117
2645,TENNESSEE,TN,,MAURY,119
2646,TENNESSEE,TN,,MEIGS,121
2647,TENNESSEE,TN,,MONROE,123
2648,TENNESSEE,TN,,MONTGOMERY,125
2649,TENNESSEE,TN,,MOORE,127
2650,TENNESSEE,TN,,MORGAN,129
2651,TENNESSEE,TN,,OBION,131
2652,TENNESSEE,TN,,OVERTON,133
2653,TENNESSEE,TN,,PERRY,135
2654,TENNESSEE,TN,,PICKETT,137
2655,TENNESSEE,TN,,POLK,139
2656,TENNESSEE,TN,,PUTNAM,141
2657,TENNESSEE,TN,,RHEA,143
2658,TENNESSEE,TN,,ROANE,145
2659,TENNESSEE,TN,,ROBERTSON,147
2660,TENNESSEE,TN,,RUTHERFORD,149
2661,TENNESSEE,TN,,SCOTT,151
2662,TENNESSEE,TN,,SEQUATCHIE,153
2663,TENNESSEE,TN,,SEVIER,155
2664,TENNESSEE,TN,,SHELBY,157
2665,TENNESSEE,TN,,SMITH,159
2666,TENNESSEE,TN,,STEWART,161
2667,TENNESSEE,TN,,SULLIVAN,163
2668,TENNESSEE,TN,,SUMNER,165
2669,TENNESSEE,TN,,TIPTON,167
2670,TENNESSEE,TN,,TROUSDALE,169
2671,TENNESSEE,TN,,UNICOI,171
2672,TENNESSEE,TN,,UNION,173
2673,TENNESSEE,TN,,VAN BUREN,175
2674,TENNESSEE,TN,,WARREN,177
2675,TENNESSEE,TN,,WASHINGTON,179
2676,TENNESSEE,TN,,WAYNE,181
2677,TENNESSEE,TN,,WEAKLEY,183
2678,TENNESSEE,TN,,WHITE,185
2679,TENNESSEE,TN,,WILLIAMSON,187
2680,TENNESSEE,TN,,WILSON,189
2681,TEXAS,TX,6,ANDERSON,1
2682,TEXAS,TX,8,ANDREWS,3
2683,TEXAS,TX,6,ANGELINA,5
2684,TEXAS,TX,4,ARANSAS,7
2685,TEXAS,TX,9,ARCHER,9
2686,TEXAS,TX,10,ARMSTRONG,11
2687,TEXAS,TX,1,ATASCOSA,13
2688,TEXAS,TX,3,AUSTIN,15
2689,TEXAS,TX,8A,BAILEY,17
2690,TEXAS,TX,1,BANDERA,19
2691,TEXAS,TX,1,BASTROP,21
2692,TEXAS,TX,9,BAYLOR,23
2693,TEXAS,TX,2,BEE,25
2694,TEXAS,TX,1,BELL,27
2695,TEXAS,TX,1,BEXAR,29
2696,TEXAS,TX,1,BLANCO,31
2697,TEXAS,TX,8A,BORDEN,33
2698,TEXAS,TX,5,BOSQUE,35
2699,TEXAS,TX,6,BOWIE,37
2700,TEXAS,TX,3,BRAZORIA,39
2701,TEXAS,TX,3,BRAZOS,41
2702,TEXAS,TX,8,BREWSTER,43
2703,TEXAS,TX,10,BRISCOE,45
2704,TEXAS,TX,4,BROOKS,47
2705,TEXAS,TX,7B,BROWN,49
2706,TEXAS,TX,3,BURLESON,51
2707,TEXAS,TX,1,BURNET,53
2708,TEXAS,TX,1,CALDWELL,55
2709,TEXAS,TX,2,CALHOUN,57
2710,TEXAS,TX,7B,CALLAHAN,59
2711,TEXAS,TX,4,CAMERON,61
2712,TEXAS,TX,6,CAMP,63
2713,TEXAS,TX,10,CARSON,65
2714,TEXAS,TX,6,CASS,67
2715,TEXAS,TX,10,CASTRO,69
2716,TEXAS,TX,3,CHAMBERS,71
2717,TEXAS,TX,6,CHEROKEE,73
2718,TEXAS,TX,10,CHILDRESS,75
2719,TEXAS,TX,9,CLAY,77
2720,TEXAS,TX,8A,COCHRAN,79
2721,TEXAS,TX,7C,COKE,81
2722,TEXAS,TX,7B,COLEMAN,83
2723,TEXAS,TX,5,COLLIN,85
2724,TEXAS,TX,10,COLLINGSWORTH,87
2725,TEXAS,TX,3,COLORADO,89
2726,TEXAS,TX,1,COMAL,91
2727,TEXAS,TX,7B,COMANCHE,93
2728,TEXAS,TX,7C,CONCHO,95
2729,TEXAS,TX,9,COOKE,97
2730,TEXAS,TX,7B,CORYELL,99
2731,TEXAS,TX,8A,COTTLE,101
2732,TEXAS,TX,8,CRANE,103
2733,TEXAS,TX,7C,CROCKETT,105
2734,TEXAS,TX,8A,CROSBY,107
2735,TEXAS,TX,8,CULBERSON,109
2736,TEXAS,TX,10,DALLAM,111
2737,TEXAS,TX,5,DALLAS,113
2738,TEXAS,TX,8A,DAWSON,115
2739,TEXAS,TX,10,DEAF SMITH,117
2740,TEXAS,TX,5,DELTA,119
2741,TEXAS,TX,9,DENTON,121
2742,TEXAS,TX,2,DE WITT,123
2743,TEXAS,TX,8A,DICKENS,125
2744,TEXAS,TX,1,DIMMIT,127
2745,TEXAS,TX,10,DONLEY,129
2746,TEXAS,TX,4,DUVAL,131
2747,TEXAS,TX,7B,EASTLAND,133
2748,TEXAS,TX,8,ECTOR,135
2749,TEXAS,TX,1,EDWARDS,137
2750,TEXAS,TX,5,ELLIS,139
2751,TEXAS,TX,8,EL PASO,141
2752,TEXAS,TX,7B,ERATH,143
2753,TEXAS,TX,5,FALLS,145
2754,TEXAS,TX,5,FANNIN,147
2755,TEXAS,TX,3,FAYETTE,149
2756,TEXAS,TX,7B,FISHER,151
2757,TEXAS,TX,8A,FLOYD,153
2758,TEXAS,TX,9,FOARD,155
2759,TEXAS,TX,3,FORT BEND,157
2760,TEXAS,TX,6,FRANKLIN,159
2761,TEXAS,TX,5,FREESTONE,161
2762,TEXAS,TX,1,FRIO,163
2763,TEXAS,TX,8A,GAINES,165
2764,TEXAS,TX,3,GALVESTON,167
2765,TEXAS,TX,8A,GARZA,169
2766,TEXAS,TX,1,GILLESPIE,171
2767,TEXAS,TX,8,GLASSCOCK,173
2768,TEXAS,TX,2,GOLIAD,175
2769,TEXAS,TX,1,GONZALES,177
2770,TEXAS,TX,10,GRAY,179
2771,TEXAS,TX,9,GRAYSON,181
2772,TEXAS,TX,6,GREGG,183
2773,TEXAS,TX,3,GRIMES,185
2774,TEXAS,TX,1,GUADALUPE,187
2775,TEXAS,TX,8A,HALE,189
2776,TEXAS,TX,10,HALL,191
2777,TEXAS,TX,7B,HAMILTON,193
2778,TEXAS,TX,10,HANSFORD,195
2779,TEXAS,TX,9,HARDEMAN,197
2780,TEXAS,TX,3,HARDIN,199
2781,TEXAS,TX,3,HARRIS,201
2782,TEXAS,TX,6,HARRISON,203
2783,TEXAS,TX,10,HARTLEY,205
2784,TEXAS,TX,7B,HASKELL,207
2785,TEXAS,TX,1,HAYS,209
2786,TEXAS,TX,10,HEMPHILL,211
2787,TEXAS,TX,5,HENDERSON,213
2788,TEXAS,TX,4,HIDALGO,215
2789,TEXAS,TX,5,HILL,217
2790,TEXAS,TX,8A,HOCKLEY,219
2791,TEXAS,TX,7B,HOOD,221
2792,TEXAS,TX,5,HOPKINS,223
2793,TEXAS,TX,6,HOUSTON,225
2794,TEXAS,TX,8,HOWARD,227
2795,TEXAS,TX,8,HUDSPETH,229
2796,TEXAS,TX,5,HUNT,231
2797,TEXAS,TX,10,HUTCHINSON,233
2798,TEXAS,TX,7C,IRION,235
2799,TEXAS,TX,9,JACK,237
2800,TEXAS,TX,2,JACKSON,239
2801,TEXAS,TX,3,JASPER,241
2802,TEXAS,TX,8,JEFF DAVIS,243
2803,TEXAS,TX,3,JEFFERSON,245
2804,TEXAS,TX,4,JIM HOGG,247
2805,TEXAS,TX,4,JIM WELLS,249
2806,TEXAS,TX,5,JOHNSON,251
2807,TEXAS,TX,7B,JONES,253
2808,TEXAS,TX,2,KARNES,255
2809,TEXAS,TX,5,KAUFMAN,257
2810,TEXAS,TX,1,KENDALL,259
2811,TEXAS,TX,4,KENEDY,261
2812,TEXAS,TX,8A,KENT,263
2813,TEXAS,TX,1,KERR,265
2814,TEXAS,TX,7C,KIMBLE,267
2815,TEXAS,TX,8A,KING,269
2816,TEXAS,TX,1,KINNEY,271
2817,TEXAS,TX,4,KLEBERG,273
2818,TEXAS,TX,9,KNOX,275
2819,TEXAS,TX,5,LAMAR,277
2820,TEXAS,TX,8A,LAMB,279
2821,TEXAS,TX,7B,LAMPASAS,281
2822,TEXAS,TX,1,LA SALLE,283
2823,TEXAS,TX,2,LAVACA,285
2824,TEXAS,TX,3,LEE,287
2825,TEXAS,TX,5,LEON,289
2826,TEXAS,TX,3,LIBERTY,291
2827,TEXAS,TX,5,LIMESTONE,293
2828,TEXAS,TX,10,LIPSCOMB,295
2829,TEXAS,TX,2,LIVE OAK,297
2830,TEXAS,TX,1,LLANO,299
2831,TEXAS,TX,8,LOVING,301
2832,TEXAS,TX,8A,LUBBOCK,303
2833,TEXAS,TX,8A,LYNN,305
2834,TEXAS,TX,7C,MCCULLOCH,307
2835,TEXAS,TX,5,MCLENNAN,309
2836,TEXAS,TX,1,MCMULLEN,311
2837,TEXAS,TX,3,MADISON,313
2838,TEXAS,TX,6,MARION,315
2839,TEXAS,TX,8,MARTIN,317
2840,TEXAS,TX,1,MASON,319
2841,TEXAS,TX,3,MATAGORDA,321
2842,TEXAS,TX,1,MAVERICK,323
2843,TEXAS,TX,1,MEDINA,325
2844,TEXAS,TX,7C,MENARD,327
2845,TEXAS,TX,8,MIDLAND,329
2846,TEXAS,TX,1,MILAM,331
2847,TEXAS,TX,7B,MILLS,333
2848,TEXAS,TX,8,MITCHELL,335
2849,TEXAS,TX,9,MONTAGUE,337
2850,TEXAS,TX,3,MONTGOMERY,339
2851,TEXAS,TX,10,MOORE,341
2852,TEXAS,TX,6,MORRIS,343
2853,TEXAS,TX,8A,MOTLEY,345
2854,TEXAS,TX,6,NACOGDOCHES,347
2855,TEXAS,TX,5,NAVARRO,349
2856,TEXAS,TX,3,NEWTON,351
2857,TEXAS,TX,7B,NOLAN,353
2858,TEXAS,TX,4,NUECES,355
2859,TEXAS,TX,10,OCHILTREE,357
2860,TEXAS,TX,10,OLDHAM,359
2861,TEXAS,TX,3,ORANGE,361
2862,TEXAS,TX,7B,PALO PINTO,363
2863,TEXAS,TX,6,PANOLA,365
2864,TEXAS,TX,7B,PARKER,367
2865,TEXAS,TX,10,PARMER,369
2866,TEXAS,TX,8,PECOS,371
2867,TEXAS,TX,3,POLK,373
2868,TEXAS,TX,10,POTTER,375
2869,TEXAS,TX,8,PRESIDIO,377
2870,TEXAS,TX,5,RAINS,379
2871,TEXAS,TX,10,RANDALL,381
2872,TEXAS,TX,7C,REAGAN,383
2873,TEXAS,TX,1,REAL,385
2874,TEXAS,TX,6,RED RIVER,387
2875,TEXAS,TX,8,REEVES,389
2876,TEXAS,TX,2,REFUGIO,391
2877,TEXAS,TX,10,ROBERTS,393
2878,TEXAS,TX,5,ROBERTSON,395
2879,TEXAS,TX,5,ROCKWALL,397
2880,TEXAS,TX,7C,RUNNELS,399
2881,TEXAS,TX,6,RUSK,401
2882,TEXAS,TX,6,SABINE,403
2883,TEXAS,TX,6,SAN AUGUSTINE,405
2884,TEXAS,TX,3,SAN JACINTO,407
2885,TEXAS,TX,4,SAN PATRICIO,409
2886,TEXAS,TX,7B,SAN SABA,411
2887,TEXAS,TX,7C,SCHLEICHER,413
2888,TEXAS,TX,8A,SCURRY,415
2889,TEXAS,TX,7B,SHACKELFORD,417
2890,TEXAS,TX,6,SHELBY,419
2891,TEXAS,TX,10,SHERMAN,421
2892,TEXAS,TX,6,SMITH,423
2893,TEXAS,TX,7B,SOMERVELL,425
2894,TEXAS,TX,4,STARR,427
2895,TEXAS,TX,7B,STEPHENS,429
2896,TEXAS,TX,8,STERLING,431
2897,TEXAS,TX,7B,STONEWALL,433
2898,TEXAS,TX,7C,SUTTON,435
2899,TEXAS,TX,10,SWISHER,437
2900,TEXAS,TX,5,TARRANT,439
2901,TEXAS,TX,7B,TAYLOR,441
2902,TEXAS,TX,7C,TERRELL,443
2903,TEXAS,TX,8A,TERRY,445
2904,TEXAS,TX,7B,THROCKMORTON,447
2905,TEXAS,TX,6,TITUS,449
2906,TEXAS,TX,7C,TOM GREEN,451
2907,TEXAS,TX,1,TRAVIS,453
2908,TEXAS,TX,3,TRINITY,455
2909,TEXAS,TX,3,TYLER,457
2910,TEXAS,TX,6,UPSHUR,459
2911,TEXAS,TX,7C,UPTON,461
2912,TEXAS,TX,1,UVALDE,463
2913,TEXAS,TX,1,VAL VERDE,465
2914,TEXAS,TX,5,VAN ZANDT,467
2915,TEXAS,TX,2,VICTORIA,469
2916,TEXAS,TX,3,WALKER,471
2917,TEXAS,TX,3,WALLER,473
2918,TEXAS,TX,8,WARD,475
2919,TEXAS,TX,3,WASHINGTON,477
2920,TEXAS,TX,4,WEBB,479
2921,TEXAS,TX,3,WHARTON,481
2922,TEXAS,TX,10,WHEELER,483
2923,TEXAS,TX,9,WICHITA,485
2924,TEXAS,TX,9,WILBARGER,487
2925,TEXAS,TX,4,WILLACY,489
2926,TEXAS,TX,1,WILLIAMSON,491
2927,TEXAS,TX,1,WILSON,493
2928,TEXAS,TX,8,WINKLER,495
2929,TEXAS,TX,9,WISE,497
2930,TEXAS,TX,6,WOOD,499
2931,TEXAS,TX,8A,YOAKUM,501
2932,TEXAS,TX,9,YOUNG,503
2933,TEXAS,TX,4,ZAPATA,505
2934,TEXAS,TX,1,ZAVALA,507
2935,TEXAS,TX,99,OFFSHORE-STATE,990
2936,UTAH,UT,,BEAVER,1
2937,UTAH,UT,,BOX ELDER,3
2938,UTAH,UT,,CACHE,5
2939,UTAH,UT,,CARBON,7
2940,UTAH,UT,,DAGGETT,9
2941,UTAH,UT,,DAVIS,11
2942,UTAH,UT,,DUCHESNE,13
2943,UTAH,UT,,EMERY,15
2944,UTAH,UT,,GARFIELD,17
2945,UTAH,UT,,GRAND,19
2946,UTAH,UT,,IRON,21
2947,UTAH,UT,,JUAB,23
2948,UTAH,UT,,KANE,25
2949,UTAH,UT,,MILLARD,27
2950,UTAH,UT,,MORGAN,29
2951,UTAH,UT,,PIUTE,31
2952,UTAH,UT,,RICH,33
2953,UTAH,UT,,SALT LAKE,35
2954,UTAH,UT,,SAN JUAN,37
2955,UTAH,UT,,SANPETE,39
2956,UTAH,UT,,SEVIER,41
2957,UTAH,UT,,SUMMIT,43
2958,UTAH,UT,,TOOELE,45
2959,UTAH,UT,,UINTAH,47
2960,UTAH,UT,,UTAH,49
2961,UTAH,UT,,WASATCH,51
2962,UTAH,UT,,WASHINGTON,53
2963,UTAH,UT,,WAYNE,55
2964,UTAH,UT,,WEBER,57
2965,VIRGINIA,VA,,ACCOMACK,1
2966,VIRGINIA,VA,,ALBEMARLE,3
2967,VIRGINIA,VA,,ALLEGHANY,5
2968,VIRGINIA,VA,,AMELIA,7
2969,VIRGINIA,VA,,AMHERST,9
2970,VIRGINIA,VA,,APPOMATTOX,11
2971,VIRGINIA,VA,,ARLINGTON,13
2972,VIRGINIA,VA,,AUGUSTA,15
2973,VIRGINIA,VA,,BATH,17
2974,VIRGINIA,VA,,BEDFORD,19
2975,VIRGINIA,VA,,BLAND,21
2976,VIRGINIA,VA,,BOTETOURT,23
2977,VIRGINIA,VA,,BRUNSWICK,25
2978,VIRGINIA,VA,,BUCHANAN,27
2979,VIRGINIA,VA,,BUCKINGHAM,29
2980,VIRGINIA,VA,,CAMPBELL,31
2981,VIRGINIA,VA,,CAROLINE,33
2982,VIRGINIA,VA,,CARROLL,35
2983,VIRGINIA,VA,,CHARLES CITY,36
2984,VIRGINIA,VA,,CHARLOTTE,37
2985,VIRGINIA,VA,,CHESTERFIELD,41
2986,VIRGINIA,VA,,CLARKE,43
2987,VIRGINIA,VA,,CRAIG,45
2988,VIRGINIA,VA,,CULPEPER,47
2989,VIRGINIA,VA,,CUMBERLAND,49
2990,VIRGINIA,VA,,DICKENSON,51
2991,VIRGINIA,VA,,DINWIDDIE,53
2992,VIRGINIA,VA,,ESSEX,57
2993,VIRGINIA,VA,,FAIRFAX,59
2994,VIRGINIA,VA,,FAUQUIER,61
2995,VIRGINIA,VA,,FLOYD,63
2996,VIRGINIA,VA,,FLUVANNA,65
2997,VIRGINIA,VA,,FRANKLIN,67
2998,VIRGINIA,VA,,FREDERICK,69
2999,VIRGINIA,VA,,GILES,71
3000,VIRGINIA,VA,,GLOUCESTER,73
3001,VIRGINIA,VA,,GOOCHLAND,75
3002,VIRGINIA,VA,,GRAYSON,77
3003,VIRGINIA,VA,,GREENE,79
3004,VIRGINIA,VA,,GREENSVILLE,81
3005,VIRGINIA,VA,,HALIFAX,83
3006,VIRGINIA,VA,,HANOVER,85
3007,VIRGINIA,VA,,HENRICO,87
3008,VIRGINIA,VA,,HENRY,89
3009,VIRGINIA,VA,,HIGHLAND,91
3010,VIRGINIA,VA,,ISLE OF WIGHT,93
3011,VIRGINIA,VA,,JAMES CITY,95
3012,VIRGINIA,VA,,KING AND QUEEN,97
3013,VIRGINIA,VA,,KING GEORGE,99
3014,VIRGINIA,VA,,KING WILLIAM,101
3015,VIRGINIA,VA,,LANCASTER,103
3016,VIRGINIA,VA,,LEE,105
3017,VIRGINIA,VA,,LOUDOUN,107
3018,VIRGINIA,VA,,LOUISA,109
3019,VIRGINIA,VA,,LUNENBURG,111
3020,VIRGINIA,VA,,MADISON,113
3021,VIRGINIA,VA,,MATHEWS,115
3022,VIRGINIA,VA,,MECKLENBURG,117
3023,VIRGINIA,VA,,MIDDLESEX,119
3024,VIRGINIA,VA,,MONTGOMERY,121
3025,VIRGINIA,VA,,NELSON,125
3026,VIRGINIA,VA,,NEW KENT,127
3027,VIRGINIA,VA,,NORTHAMPTON,131
3028,VIRGINIA,VA,,NORTHUMBERLAND,133
3029,VIRGINIA,VA,,NOTTOWAY,135
3030,VIRGINIA,VA,,ORANGE,137
3031,VIRGINIA,VA,,PAGE,139
3032,VIRGINIA,VA,,PATRICK,141
3033,VIRGINIA,VA,,PITTSYLVANIA,143
3034,VIRGINIA,VA,,POWHATAN,145
3035,VIRGINIA,VA,,PRINCE EDWARD,147
3036,VIRGINIA,VA,,PRINCE GEORGE,149
3037,VIRGINIA,VA,,PRINCE WILLIAM,153
3038,VIRGINIA,VA,,PULASKI,155
3039,VIRGINIA,VA,,RAPPAHANNOCK,157
3040,VIRGINIA,VA,,RICHMOND,159
3041,VIRGINIA,VA,,ROANOKE,161
3042,VIRGINIA,VA,,ROCKBRIDGE,163
3043,VIRGINIA,VA,,ROCKINGHAM,165
3044,VIRGINIA,VA,,RUSSELL,167
3045,VIRGINIA,VA,,SCOTT,169
3046,VIRGINIA,VA,,SHENANDOAH,171
3047,VIRGINIA,VA,,SMYTH,173
3048,VIRGINIA,VA,,SOUTHAMPTON,175
3049,VIRGINIA,VA,,SPOTSYLVANIA,177
3050,VIRGINIA,VA,,STAFFORD,179
3051,VIRGINIA,VA,,SURRY,181
3052,VIRGINIA,VA,,SUSSEX,183
3053,VIRGINIA,VA,,TAZEWELL,185
3054,VIRGINIA,VA,,WARREN,187
3055,VIRGINIA,VA,,WASHINGTON,191
3056,VIRGINIA,VA,,WESTMORELAND,193
3057,VIRGINIA,VA,,WISE,195
3058,VIRGINIA,VA,,WYTHE,197
3059,VIRGINIA,VA,,YORK,199
3060,VIRGINIA,VA,99,OFFSHORE-STATE,990
3061,VERMONT,VT,,ADDISON,1
3062,VERMONT,VT,,BENNINGTON,3
3063,VERMONT,VT,,CALEDONIA,5
3064,VERMONT,VT,,CHITTENDEN,7
3065,VERMONT,VT,,ESSEX,9
3066,VERMONT,VT,,FRANKLIN,11
3067,VERMONT,VT,,GRAND ISLE,13
3068,VERMONT,VT,,LAMOILLE,15
3069,VERMONT,VT,,ORANGE,17
3070,VERMONT,VT,,ORLEANS,19
3071,VERMONT,VT,,RUTLAND,21
3072,VERMONT,VT,,WASHINGTON,23
3073,VERMONT,VT,,WINDHAM,25
3074,VERMONT,VT,,WINDSOR,27
3075,WASHINGTON,WA,,ADAMS,1
3076,WASHINGTON,WA,,ASOTIN,3
3077,WASHINGTON,WA,,BENTON,5
3078,WASHINGTON,WA,,CHELAN,7
3079,WASHINGTON,WA,,CLALLAM,9
3080,WASHINGTON,WA,,CLARK,11
3081,WASHINGTON,WA,,COLUMBIA,13
3082,WASHINGTON,WA,,COWLITZ,15
3083,WASHINGTON,WA,,DOUGLAS,17
3084,WASHINGTON,WA,,FERRY,19
3085,WASHINGTON,WA,,FRANKLIN,21
3086,WASHINGTON,WA,,GARFIELD,23
3087,WASHINGTON,WA,,GRANT,25
3088,WASHINGTON,WA,,GRAYS HARBOR,27
3089,WASHINGTON,WA,,ISLAND,29
3090,WASHINGTON,WA,,JEFFERSON,31
3091,WASHINGTON,WA,,KING,33
3092,WASHINGTON,WA,,KITSAP,35
3093,WASHINGTON,WA,,KITTITAS,37
3094,WASHINGTON,WA,,KLICKITAT,39
3095,WASHINGTON,WA,,LEWIS,41
3096,WASHINGTON,WA,,LINCOLN,43
3097,WASHINGTON,WA,,MASON,45
3098,WASHINGTON,WA,,OKANOGAN,47
3099,WASHINGTON,WA,,PACIFIC,49
3100,WASHINGTON,WA,,PEND OREILLE,51
3101,WASHINGTON,WA,,PIERCE,53
3102,WASHINGTON,WA,,SAN JUAN,55
3103,WASHINGTON,WA,,SKAGIT,57
3104,WASHINGTON,WA,,SKAMANIA,59
3105,WASHINGTON,WA,,SNOHOMISH,61
3106,WASHINGTON,WA,,SPOKANE,63
3107,WASHINGTON,WA,,STEVENS,65
3108,WASHINGTON,WA,,THURSTON,67
3109,WASHINGTON,WA,,WAHKIAKUM,69
3110,WASHINGTON,WA,,WALLA WALLA,71
3111,WASHINGTON,WA,,WHATCOM,73
3112,WASHINGTON,WA,,WHITMAN,75
3113,WASHINGTON,WA,,YAKIMA,77
3114,WASHINGTON,WA,99,OFFSHORE-STATE,990
3115,WISCONSIN,WI,,ADAMS,1
3116,WISCONSIN,WI,,ASHLAND,3
3117,WISCONSIN,WI,,BARRON,5
3118,WISCONSIN,WI,,BAYFIELD,7
3119,WISCONSIN,WI,,BROWN,9
3120,WISCONSIN,WI,,BUFFALO,11
3121,WISCONSIN,WI,,BURNETT,13
3122,WISCONSIN,WI,,CALUMET,15
3123,WISCONSIN,WI,,CHIPPEWA,17
3124,WISCONSIN,WI,,CLARK,19
3125,WISCONSIN,WI,,COLUMBIA,21
3126,WISCONSIN,WI,,CRAWFORD,23
3127,WISCONSIN,WI,,DANE,25
3128,WISCONSIN,WI,,DODGE,27
3129,WISCONSIN,WI,,DOOR,29
3130,WISCONSIN,WI,,DOUGLAS,31
3131,WISCONSIN,WI,,DUNN,33
3132,WISCONSIN,WI,,EAU CLAIRE,35
3133,WISCONSIN,WI,,FLORENCE,37
3134,WISCONSIN,WI,,FOND DU LAC,39
3135,WISCONSIN,WI,,FOREST,41
3136,WISCONSIN,WI,,GRANT,43
3137,WISCONSIN,WI,,GREEN,45
3138,WISCONSIN,WI,,GREEN LAKE,47
3139,WISCONSIN,WI,,IOWA,49
3140,WISCONSIN,WI,,IRON,51
3141,WISCONSIN,WI,,JACKSON,53
3142,WISCONSIN,WI,,JEFFERSON,55
3143,WISCONSIN,WI,,JUNEAU,57
3144,WISCONSIN,WI,,KENOSHA,59
3145,WISCONSIN,WI,,KEWAUNEE,61
3146,WISCONSIN,WI,,LA CROSSE,63
3147,WISCONSIN,WI,,LAFAYETTE,65
3148,WISCONSIN,WI,,LANGLADE,67
3149,WISCONSIN,WI,,LINCOLN,69
3150,WISCONSIN,WI,,MANITOWOC,71
3151,WISCONSIN,WI,,MARATHON,73
3152,WISCONSIN,WI,,MARINETTE,75
3153,WISCONSIN,WI,,MARQUETTE,77
3154,WISCONSIN,WI,,MENOMINEE,78
3155,WISCONSIN,WI,,MILWAUKEE,79
3156,WISCONSIN,WI,,MONROE,81
3157,WISCONSIN,WI,,OCONTO,83
3158,WISCONSIN,WI,,ONEIDA,85
3159,WISCONSIN,WI,,OUTAGAMIE,87
3160,WISCONSIN,WI,,OZAUKEE,89
3161,WISCONSIN,WI,,PEPIN,91
3162,WISCONSIN,WI,,PIERCE,93
3163,WISCONSIN,WI,,POLK,95
3164,WISCONSIN,WI,,PORTAGE,97
3165,WISCONSIN,WI,,PRICE,99
3166,WISCONSIN,WI,,RACINE,101
3167,WISCONSIN,WI,,RICHLAND,103
3168,WISCONSIN,WI,,ROCK,105
3169,WISCONSIN,WI,,RUSK,107
3170,WISCONSIN,WI,,ST CROIX,109
3171,WISCONSIN,WI,,SAUK,111
3172,WISCONSIN,WI,,SAWYER,113
3173,WISCONSIN,WI,,SHAWANO,115
3174,WISCONSIN,WI,,SHEBOYGAN,117
3175,WISCONSIN,WI,,TAYLOR,119
3176,WISCONSIN,WI,,TREMPEALEAU,121
3177,WISCONSIN,WI,,VERNON,123
3178,WISCONSIN,WI,,VILAS,125
3179,WISCONSIN,WI,,WALWORTH,127
3180,WISCONSIN,WI,,WASHBURN,129
3181,WISCONSIN,WI,,WASHINGTON,131
3182,WISCONSIN,WI,,WAUKESHA,133
3183,WISCONSIN,WI,,WAUPACA,135
3184,WISCONSIN,WI,,WAUSHARA,137
3185,WISCONSIN,WI,,WINNEBAGO,139
3186,WISCONSIN,WI,,WOOD,141
3187,WISCONSIN,WI,99,OFFSHORE-STATE,990
3188,WEST VIRGINIA,WV,,BARBOUR,1
3189,WEST VIRGINIA,WV,,BERKELEY,3
3190,WEST VIRGINIA,WV,,BOONE,5
3191,WEST VIRGINIA,WV,,BRAXTON,7
3192,WEST VIRGINIA,WV,,BROOKE,9
3193,WEST VIRGINIA,WV,,CABELL,11
3194,WEST VIRGINIA,WV,,CALHOUN,13
3195,WEST VIRGINIA,WV,,CLAY,15
3196,WEST VIRGINIA,WV,,DODDRIDGE,17
3197,WEST VIRGINIA,WV,,FAYETTE,19
3198,WEST VIRGINIA,WV,,GILMER,21
3199,WEST VIRGINIA,WV,,GRANT,23
3200,WEST VIRGINIA,WV,,GREENBRIER,25
3201,WEST VIRGINIA,WV,,HAMPSHIRE,27
3202,WEST VIRGINIA,WV,,HANCOCK,29
3203,WEST VIRGINIA,WV,,HARDY,31
3204,WEST VIRGINIA,WV,,HARRISON,33
3205,WEST VIRGINIA,WV,,JACKSON,35
3206,WEST VIRGINIA,WV,,JEFFERSON,37
3207,WEST VIRGINIA,WV,,KANAWHA,39
3208,WEST VIRGINIA,WV,,LEWIS,41
3209,WEST VIRGINIA,WV,,LINCOLN,43
3210,WEST VIRGINIA,WV,,LOGAN,45
3211,WEST VIRGINIA,WV,,MCDOWELL,47
3212,WEST VIRGINIA,WV,,MARION,49
3213,WEST VIRGINIA,WV,,MARSHALL,51
3214,WEST VIRGINIA,WV,,MASON,53
3215,WEST VIRGINIA,WV,,MERCER,55
3216,WEST VIRGINIA,WV,,MINERAL,57
3217,WEST VIRGINIA,WV,,MINGO,59
3218,WEST VIRGINIA,WV,,MONONGALIA,61
3219,WEST VIRGINIA,WV,,MONROE,63
3220,WEST VIRGINIA,WV,,MORGAN,65
3221,WEST VIRGINIA,WV,,NICHOLAS,67
3222,WEST VIRGINIA,WV,,OHIO,69
3223,WEST VIRGINIA,WV,,PENDLETON,71
3224,WEST VIRGINIA,WV,,PLEASANTS,73
3225,WEST VIRGINIA,WV,,POCAHONTAS,75
3226,WEST VIRGINIA,WV,,PRESTON,77
3227,WEST VIRGINIA,WV,,PUTNAM,79
3228,WEST VIRGINIA,WV,,RALEIGH,81
3229,WEST VIRGINIA,WV,,RANDOLPH,83
3230,WEST VIRGINIA,WV,,RITCHIE,85
3231,WEST VIRGINIA,WV,,ROANE,87
3232,WEST VIRGINIA,WV,,SUMMERS,89
3233,WEST VIRGINIA,WV,,TAYLOR,91
3234,WEST VIRGINIA,WV,,TUCKER,93
3235,WEST VIRGINIA,WV,,TYLER,95
3236,WEST VIRGINIA,WV,,UPSHUR,97
3237,WEST VIRGINIA,WV,,WAYNE,99
3238,WEST VIRGINIA,WV,,WEBSTER,101
3239,WEST VIRGINIA,WV,,WETZEL,103
3240,WEST VIRGINIA,WV,,WIRT,105
3241,WEST VIRGINIA,WV,,WOOD,107
3242,WEST VIRGINIA,WV,,WYOMING,109
3243,WYOMING,WY,,ALBANY,1
3244,WYOMING,WY,,BIG HORN,3
3245,WYOMING,WY,,CAMPBELL,5
3246,WYOMING,WY,,CARBON,7
3247,WYOMING,WY,,CONVERSE,9
3248,WYOMING,WY,,CROOK,11
3249,WYOMING,WY,,FREMONT,13
3250,WYOMING,WY,,GOSHEN,15
3251,WYOMING,WY,,HOT SPRINGS,17
3252,WYOMING,WY,,JOHNSON,19
3253,WYOMING,WY,,LARAMIE,21
3254,WYOMING,WY,,LINCOLN,23
3255,WYOMING,WY,,NATRONA,25
3256,WYOMING,WY,,NIOBRARA,27
3257,WYOMING,WY,,PARK,29
3258,WYOMING,WY,,PLATTE,31
3259,WYOMING,WY,,SHERIDAN,33
3260,WYOMING,WY,,SUBLETTE,35
3261,WYOMING,WY,,SWEETWATER,37
3262,WYOMING,WY,,TETON,39
3263,WYOMING,WY,,UINTA,41
3264,WYOMING,WY,,WASHAKIE,43
3265,WYOMING,WY,,WESTON,45
